
-- 系统分类
INSERT INTO `sys_tree` (`id_`, `key_`, `name_`, `desc_`, `system_`) VALUES ('20000002810002', 'ywbfl', '业务表分类', '业务表分类的树', '1');
INSERT INTO `sys_tree` (`id_`, `key_`, `name_`, `desc_`, `system_`) VALUES ('20000002900001', 'ywdxfl', '业务对象分类', '业务对象分类树', '1');
INSERT INTO `sys_tree` (`id_`, `key_`, `name_`, `desc_`, `system_`) VALUES ('20000002960002', 'bdfl', '表单分类', '表单分类', '1');
INSERT INTO `sys_tree` (`id_`, `key_`, `name_`, `desc_`, `system_`) VALUES ('20000007060001', 'dict', '数据字典分类', '数据字典', '1');
INSERT INTO `sys_tree` (`id_`, `key_`, `name_`, `desc_`, `system_`) VALUES ('20000008980001', 'flow', '流程分类', NULL, '1');

-- 分类节点
INSERT INTO `sys_tree_node` (`id_`, `key_`, `name_`, `desc_`, `tree_id_`, `parent_id_`, `path_`, `sn_`) VALUES ('20000002810003', 'mrfl', '默认分类', NULL, '20000002810002', '0', '20000002810003.', '1');
INSERT INTO `sys_tree_node` (`id_`, `key_`, `name_`, `desc_`, `tree_id_`, `parent_id_`, `path_`, `sn_`) VALUES ('20000002900002', 'ywdxmrfl', '业务对象默认分类', NULL, '20000002900001', '0', '20000002900002.', '3');
INSERT INTO `sys_tree_node` (`id_`, `key_`, `name_`, `desc_`, `tree_id_`, `parent_id_`, `path_`, `sn_`) VALUES ('20000002960003', 'mrfl', '默认分类', NULL, '20000002960002', '0', '20000002960003.', '4');
INSERT INTO `sys_tree_node` (`id_`, `key_`, `name_`, `desc_`, `tree_id_`, `parent_id_`, `path_`, `sn_`) VALUES ('20000007060004', 'xtpz', '系统配置', NULL, '20000007060001', '0', '20000007060004.', '6');
INSERT INTO `sys_tree_node` (`id_`, `key_`, `name_`, `desc_`, `tree_id_`, `parent_id_`, `path_`, `sn_`) VALUES ('20000007060005', 'khxg', '客户相关', NULL, '20000007060001', '0', '20000007060005.', '7');
INSERT INTO `sys_tree_node` (`id_`, `key_`, `name_`, `desc_`, `tree_id_`, `parent_id_`, `path_`, `sn_`) VALUES ('20000008980003', 'bg', '办公', NULL, '20000008980001', '0', '20000008980003.', '7');
INSERT INTO `sys_tree_node` (`id_`, `key_`, `name_`, `desc_`, `tree_id_`, `parent_id_`, `path_`, `sn_`) VALUES ('20000008980004', 'ywlc', '业务流程', NULL, '20000008980001', '0', '20000008980004.', '8');


-- 组织
INSERT INTO `org_group` (`id_`, `name_`, `parent_id_`, `sn_`, `code_`, `grade_`, `desc_`) VALUES ('1', '敏捷工作流程', '0', '1', 'htrj', '1', NULL);
INSERT INTO `org_group` (`id_`, `name_`, `parent_id_`, `sn_`, `code_`, `grade_`, `desc_`) VALUES ('20000003450003', '深圳分公司', '1', NULL, '711', NULL, NULL);
-- 用户
INSERT INTO `org_user` (`id_`, `fullname_`, `account_`, `password_`, `email_`, `mobile_`, `weixin_`, `create_time_`, `address_`, `photo_`, `sex_`, `from_`, `status_`) VALUES ('1', '系统管理员', 'admin', 'a4ayc/80/OGda4BO/1o/V0etpOqiLx1JwB5S3beHW0s=', 'for_office@qq.com', '11111111', 'test', NULL, 'test', NULL, '未知', 'system', '1');

-- 系统参数
INSERT INTO `sys_properties` (`id_`, `name_`, `alias_`, `group_`, `value_`, `encrypt_`, `update_by_`, `update_time_`, `create_by_`, `create_time_`, `description_`, `environment_`) VALUES ('6', '系统管理员', 'admin.account', '系统参数', '3e0225725ff214e4', '1', NULL, NULL, NULL, NULL, '系统管理员', 'DEV');
-- 系统脚本
INSERT INTO `sys_script` (`id_`, `name_`, `script_`, `category_`, `memo_`) VALUES ('10000000000001', '获取流水号', 'sysScript.getNextSerialNo(\"流水号Alias\");', '系统内置', '获取流水号');
INSERT INTO `sys_script` (`id_`, `name_`, `script_`, `category_`, `memo_`) VALUES ('10000000000002', '获取当前用户信息', 'sysScript.getCurentUser().getFullname()', '系统内置', '获取用户的某一个属性');
INSERT INTO `sys_script` (`id_`, `name_`, `script_`, `category_`, `memo_`) VALUES ('20000000570001', '获取当前组织ID', 'import com.dstz.sys.util.ContextUtil;\n\nreturn ContextUtil.getCurrentGroupId();', '系统内置', '通过引入静态方法来调用系统脚本，这样不需要实现Iscript脚本 。');

-- 数据源
INSERT INTO `sys_data_source_def` (`id_`, `name_`, `class_path_`, `attributes_json_`) VALUES ('1', 'DruidDataSource数据源', 'com.alibaba.druid.pool.DruidDataSource', '[{\"comment\":\"url\",\"name\":\"url\",\"required\":true,\"type\":\"java.lang.String\"},{\"comment\":\"username\",\"name\":\"username\",\"required\":true,\"type\":\"java.lang.String\"},{\"comment\":\"password\",\"name\":\"password\",\"required\":true,\"type\":\"java.lang.String\"},{\"comment\":\"initialSize\",\"defaultValue\":\"1\",\"name\":\"initialSize\",\"required\":true,\"type\":\"int\"},{\"comment\":\"minIdle\",\"defaultValue\":\"10\",\"name\":\"minIdle\",\"required\":true,\"type\":\"int\"},{\"comment\":\"maxActive\",\"defaultValue\":\"10\",\"name\":\"maxActive\",\"required\":true,\"type\":\"int\"},{\"comment\":\"maxWait\",\"defaultValue\":\"6000\",\"name\":\"maxWait\",\"required\":true,\"type\":\"long\"},{\"comment\":\"timeBetweenEvictionRunsMillis\",\"defaultValue\":\"6000\",\"name\":\"timeBetweenEvictionRunsMillis\",\"required\":true,\"type\":\"long\"},{\"comment\":\"minEvictableIdleTimeMillis\",\"defaultValue\":\"30000\",\"name\":\"minEvictableIdleTimeMillis\",\"required\":true,\"type\":\"long\"},{\"comment\":\"连接失败后是否不再尝试\",\"defaultValue\":\"true\",\"name\":\"breakAfterAcquireFailure\",\"required\":true,\"type\":\"boolean\"},{\"comment\":\"校验sql\",\"defaultValue\":\"\",\"name\":\"validationQuery\",\"required\":false,\"type\":\"java.lang.String\"},{\"comment\":\"testWhileIdle\",\"defaultValue\":\"true\",\"name\":\"testWhileIdle\",\"required\":true,\"type\":\"boolean\"},{\"comment\":\"testOnBorrow\",\"defaultValue\":\"false\",\"name\":\"testOnBorrow\",\"required\":true,\"type\":\"boolean\"},{\"comment\":\"testOnReturn\",\"defaultValue\":\"false\",\"name\":\"testOnReturn\",\"required\":true,\"type\":\"boolean\"},{\"comment\":\"poolPreparedStatements\",\"defaultValue\":\"true\",\"name\":\"poolPreparedStatements\",\"required\":true,\"type\":\"boolean\"},{\"comment\":\"maxPoolPreparedStatementPerConnectionSize\",\"defaultValue\":\"20\",\"name\":\"maxPoolPreparedStatementPerConnectionSize\",\"required\":true,\"type\":\"int\"},{\"comment\":\"filters\",\"defaultValue\":\"stat\",\"name\":\"filters\",\"required\":true,\"type\":\"java.lang.String\"},{\"comment\":\"removeAbandoned\",\"defaultValue\":\"true\",\"name\":\"removeAbandoned\",\"required\":true,\"type\":\"boolean\"},{\"comment\":\"removeAbandonedTimeout\",\"defaultValue\":\"2880\",\"name\":\"removeAbandonedTimeout\",\"required\":true,\"type\":\"int\"},{\"comment\":\"logAbandoned\",\"defaultValue\":\"true\",\"name\":\"logAbandoned\",\"required\":true,\"type\":\"boolean\"},{\"comment\":\"enable\",\"name\":\"enable\",\"required\":false,\"type\":\"boolean\"},{\"comment\":\"logDifferentThread\",\"name\":\"logDifferentThread\",\"required\":false,\"type\":\"boolean\"},{\"comment\":\"useGlobalDataSourceStat\",\"name\":\"useGlobalDataSourceStat\",\"required\":false,\"type\":\"boolean\"},{\"comment\":\"reStatEnable\",\"name\":\"reStatEnable\",\"required\":false,\"type\":\"boolean\"},{\"comment\":\"name\",\"name\":\"name\",\"required\":false,\"type\":\"java.lang.String\"},{\"comment\":\"logWriter\",\"name\":\"logWriter\",\"required\":false,\"type\":\"java.io.PrintWriter\"},{\"comment\":\"loginTimeout\",\"name\":\"loginTimeout\",\"required\":false,\"type\":\"int\"},{\"comment\":\"maxIdle\",\"name\":\"maxIdle\",\"required\":false,\"type\":\"int\"},{\"comment\":\"failFast\",\"name\":\"failFast\",\"required\":false,\"type\":\"boolean\"},{\"comment\":\"dbType\",\"name\":\"dbType\",\"required\":false,\"type\":\"java.lang.String\"},{\"comment\":\"queryTimeout\",\"name\":\"queryTimeout\",\"required\":false,\"type\":\"int\"},{\"comment\":\"proxyFilters\",\"name\":\"proxyFilters\",\"required\":false,\"type\":\"java.util.List\"},{\"comment\":\"oracle\",\"name\":\"oracle\",\"required\":false,\"type\":\"boolean\"},{\"comment\":\"useUnfairLock\",\"name\":\"useUnfairLock\",\"required\":false,\"type\":\"boolean\"},{\"comment\":\"timeBetweenLogStatsMillis\",\"name\":\"timeBetweenLogStatsMillis\",\"required\":false,\"type\":\"long\"},{\"comment\":\"clearFiltersEnable\",\"name\":\"clearFiltersEnable\",\"required\":false,\"type\":\"boolean\"},{\"comment\":\"notFullTimeoutRetryCount\",\"name\":\"notFullTimeoutRetryCount\",\"required\":false,\"type\":\"int\"},{\"comment\":\"maxWaitThreadCount\",\"name\":\"maxWaitThreadCount\",\"required\":false,\"type\":\"int\"},{\"comment\":\"phyTimeoutMillis\",\"name\":\"phyTimeoutMillis\",\"required\":false,\"type\":\"long\"},{\"comment\":\"maxEvictableIdleTimeMillis\",\"name\":\"maxEvictableIdleTimeMillis\",\"required\":false,\"type\":\"long\"},{\"comment\":\"driverClassName\",\"name\":\"driverClassName\",\"required\":false,\"type\":\"java.lang.String\"},{\"comment\":\"transactionQueryTimeout\",\"name\":\"transactionQueryTimeout\",\"required\":false,\"type\":\"int\"},{\"comment\":\"exceptionSorterClassName\",\"name\":\"exceptionSorterClassName\",\"required\":false,\"type\":\"java.lang.String\"},{\"comment\":\"defaultAutoCommit\",\"name\":\"defaultAutoCommit\",\"required\":false,\"type\":\"boolean\"},{\"comment\":\"defaultReadOnly\",\"name\":\"defaultReadOnly\",\"required\":false,\"type\":\"java.lang.Boolean\"},{\"comment\":\"defaultTransactionIsolation\",\"name\":\"defaultTransactionIsolation\",\"required\":false,\"type\":\"java.lang.Integer\"},{\"comment\":\"statLoggerClassName\",\"name\":\"statLoggerClassName\",\"required\":false,\"type\":\"java.lang.String\"},{\"comment\":\"connectionProperties\",\"name\":\"connectionProperties\",\"required\":false,\"type\":\"java.lang.String\"},{\"comment\":\"transactionThresholdMillis\",\"name\":\"transactionThresholdMillis\",\"required\":false,\"type\":\"long\"},{\"comment\":\"useOracleImplicitCache\",\"name\":\"useOracleImplicitCache\",\"required\":false,\"type\":\"boolean\"},{\"comment\":\"useLocalSessionState\",\"name\":\"useLocalSessionState\",\"required\":false,\"type\":\"boolean\"},{\"comment\":\"dupCloseLogEnable\",\"name\":\"dupCloseLogEnable\",\"required\":false,\"type\":\"boolean\"},{\"comment\":\"connectionErrorRetryAttempts\",\"name\":\"connectionErrorRetryAttempts\",\"required\":false,\"type\":\"int\"},{\"comment\":\"sharePreparedStatements\",\"name\":\"sharePreparedStatements\",\"required\":false,\"type\":\"boolean\"},{\"comment\":\"timeBetweenConnectErrorMillis\",\"name\":\"timeBetweenConnectErrorMillis\",\"required\":false,\"type\":\"long\"},{\"comment\":\"maxOpenPreparedStatements\",\"name\":\"maxOpenPreparedStatements\",\"required\":false,\"type\":\"int\"},{\"comment\":\"removeAbandonedTimeoutMillis\",\"name\":\"removeAbandonedTimeoutMillis\",\"required\":false,\"type\":\"long\"},{\"comment\":\"validationQueryTimeout\",\"name\":\"validationQueryTimeout\",\"required\":false,\"type\":\"int\"},{\"comment\":\"defaultCatalog\",\"name\":\"defaultCatalog\",\"required\":false,\"type\":\"java.lang.String\"},{\"comment\":\"passwordCallbackClassName\",\"name\":\"passwordCallbackClassName\",\"required\":false,\"type\":\"java.lang.String\"},{\"comment\":\"exceptionSorter\",\"name\":\"exceptionSorter\",\"required\":false,\"type\":\"java.lang.String\"},{\"comment\":\"asyncCloseConnectionEnable\",\"name\":\"asyncCloseConnectionEnable\",\"required\":false,\"type\":\"boolean\"},{\"comment\":\"maxCreateTaskCount\",\"name\":\"maxCreateTaskCount\",\"required\":false,\"type\":\"int\"},{\"comment\":\"validConnectionCheckerClassName\",\"name\":\"validConnectionCheckerClassName\",\"required\":false,\"type\":\"java.lang.String\"},{\"comment\":\"accessToUnderlyingConnectionAllowed\",\"name\":\"accessToUnderlyingConnectionAllowed\",\"required\":false,\"type\":\"boolean\"},{\"comment\":\"numTestsPerEvictionRun\",\"name\":\"numTestsPerEvictionRun\",\"required\":false,\"type\":\"int\"}]');
INSERT INTO `sys_data_source` (`id_`, `key_`, `name_`, `desc_`, `db_type_`, `class_path_`, `attributes_json_`) VALUES ('1', 'dataSourceDefault', '本地数据源', '本地数据源', 'mysql', NULL, NULL);

-- 流水号
INSERT INTO `sys_serialno` (`id_`, `name_`, `alias_`, `regulation_`, `gen_type_`, `no_length_`, `cur_date_`, `init_value_`, `cur_value_`, `step_`) VALUES ('10000001620002', '每天使用一组流水号', 'dayNo', '{yyyy}{MM}{DD}{NO}', '1', '5', '20180710', '1', '1', '1');

-- 子系统
INSERT INTO `sys_subsystem` (`ID_`, `name_`, `alias_`, `logo_`, `enabled_`, `home_url_`, `base_url_`, `tenant_`, `MEMO_`, `creator_Id_`, `creator_`, `create_time_`, `is_default_`) VALUES ('1', '业务流程平台', 'agilebpm', '', '1', '', 'index', NULL, NULL, '1', '系统管理员', NULL, '1');


-- 面板授权
INSERT INTO `sys_authorization` (`rights_id_`, `rights_object_`, `rights_target_`, `rights_type_`, `rights_identity_`, `rights_identity_name_`, `rights_permission_code_`, `rights_create_time_`, `rights_create_by_`) VALUES ('10000054820143', 'WORKBENCH', '10000053631203', 'all', 'user', '所有人', 'user-all', '2018-04-09 16:10:47', '1');
INSERT INTO `sys_authorization` (`rights_id_`, `rights_object_`, `rights_target_`, `rights_type_`, `rights_identity_`, `rights_identity_name_`, `rights_permission_code_`, `rights_create_time_`, `rights_create_by_`) VALUES ('10000054820144', 'WORKBENCH', '10000053631202', 'all', 'user', '所有人', 'user-all', '2018-04-09 16:10:58', '1');
INSERT INTO `sys_authorization` (`rights_id_`, `rights_object_`, `rights_target_`, `rights_type_`, `rights_identity_`, `rights_identity_name_`, `rights_permission_code_`, `rights_create_time_`, `rights_create_by_`) VALUES ('10000054820146', 'WORKBENCH', '10000051360122', 'all', 'user', '所有人', 'user-all', '2018-04-09 16:11:35', '1');
INSERT INTO `sys_authorization` (`rights_id_`, `rights_object_`, `rights_target_`, `rights_type_`, `rights_identity_`, `rights_identity_name_`, `rights_permission_code_`, `rights_create_time_`, `rights_create_by_`) VALUES ('10000054820147', 'WORKBENCH', '10000049030124', 'all', 'user', '所有人', 'user-all', '2018-04-09 16:11:41', '1');
INSERT INTO `sys_authorization` (`rights_id_`, `rights_object_`, `rights_target_`, `rights_type_`, `rights_identity_`, `rights_identity_name_`, `rights_permission_code_`, `rights_create_time_`, `rights_create_by_`) VALUES ('10000054820148', 'WORKBENCH', '10000047970167', 'all', 'user', '所有人', 'user-all', '2018-04-09 16:11:47', '1');
INSERT INTO `sys_authorization` (`rights_id_`, `rights_object_`, `rights_target_`, `rights_type_`, `rights_identity_`, `rights_identity_name_`, `rights_permission_code_`, `rights_create_time_`, `rights_create_by_`) VALUES ('10000055210122', 'WORKBENCH', '10000053631205', 'all', 'user', '所有人', 'user-all', '2018-04-09 17:30:50', '1');
INSERT INTO `sys_authorization` (`rights_id_`, `rights_object_`, `rights_target_`, `rights_type_`, `rights_identity_`, `rights_identity_name_`, `rights_permission_code_`, `rights_create_time_`, `rights_create_by_`) VALUES ('10000055980295', 'WORKBENCH', '10000053631201', 'all', 'user', '所有人', 'user-all', '2018-04-10 14:40:54', '1');
-- 默认布局
INSERT INTO `sys_workbench_layout` (`id_`, `panel_id_`, `cust_width_`, `cust_height_`, `sn_`, `user_id_`, `create_time_`) VALUES ('20000004690007', '10000053631203', '14', '183', '0', 'default_layout', '2018-04-21 02:46:40');
INSERT INTO `sys_workbench_layout` (`id_`, `panel_id_`, `cust_width_`, `cust_height_`, `sn_`, `user_id_`, `create_time_`) VALUES ('20000004690008', '10000053631202', '21', '182', '1', 'default_layout', '2018-04-21 02:46:40');
INSERT INTO `sys_workbench_layout` (`id_`, `panel_id_`, `cust_width_`, `cust_height_`, `sn_`, `user_id_`, `create_time_`) VALUES ('20000004690009', '10000053631201', '24', '184', '2', 'default_layout', '2018-04-21 02:46:40');
INSERT INTO `sys_workbench_layout` (`id_`, `panel_id_`, `cust_width_`, `cust_height_`, `sn_`, `user_id_`, `create_time_`) VALUES ('20000004690010', '10000049030124', '44', '450', '3', 'default_layout', '2018-04-21 02:46:40');
INSERT INTO `sys_workbench_layout` (`id_`, `panel_id_`, `cust_width_`, `cust_height_`, `sn_`, `user_id_`, `create_time_`) VALUES ('20000004690011', '10000051360122', '50', '446', '4', 'default_layout', '2018-04-21 02:46:40');
INSERT INTO `sys_workbench_layout` (`id_`, `panel_id_`, `cust_width_`, `cust_height_`, `sn_`, `user_id_`, `create_time_`) VALUES ('20000004690012', '10000047970167', '75', '504', '5', 'default_layout', '2018-04-21 02:46:40');

-- 工作台案例
INSERT INTO `sys_workbench_panel` (`id_`, `alias_`, `name_`, `type_`, `desc_`, `data_type_`, `data_source_`, `auto_refresh_`, `width_`, `height_`, `display_content_`, `more_url_`, `create_time_`, `create_by_`, `update_time_`, `update_by_`, `delete_flag_`) VALUES ('10000047970167', 'myCalendar', '我的日程', 'iframe', '我的日程', 'iframe', '/calendar/schedule/scheduleDisplay', NULL, '75', '504', NULL, '/calendar/schedule/scheduleDisplay', '2018-03-29 16:37:03', NULL, '2018-03-29 17:33:10', NULL, NULL);
INSERT INTO `sys_workbench_panel` (`id_`, `alias_`, `name_`, `type_`, `desc_`, `data_type_`, `data_source_`, `auto_refresh_`, `width_`, `height_`, `display_content_`, `more_url_`, `create_time_`, `create_by_`, `update_time_`, `update_by_`, `delete_flag_`) VALUES ('10000049030124', 'list', '我的待办', 'basic', '测试', 'interface', 'bpmTaskManager.getTodoList', NULL, '75', '300', '<div class=\"row\">\n	<div class=\"col-sm-7 m-b-xs\">\n		<div data-toggle=\"buttons\" class=\"btn-group\">\n			<label class=\"btn btn-sm btn-default active\"> <input type=\"radio\" name=\"param.isTodo\" value=\"1\">待办</label>\n			<label class=\"btn btn-sm btn-default\"> <input type=\"radio\" name=\"param.isTodo\" value=\"2\">已办</label>\n		</div>\n	</div>\n	<div class=\"col-sm-5\">\n		<div class=\"form-inline\">\n			<input type=\"text\" placeholder=\"搜索关键字\" class=\"input-sm form-control\" ng-model=\"param.subject_\" > \n			<button type=\"button\" ng-click=\"loadPanelData()\" class=\"btn btn-sm btn-primary fa-search\"></button>\n		</div>\n	</div>\n</div>\n <div class=\"table-responsive\">\n	<table class=\"table table-striped\">\n		<thead>\n			<tr>\n				<th>任务名称</th>\n				<th>任务标题</th>\n				<th>创建时间</th>\n			</tr>\n		</thead>\n		<tbody>\n			<tr ng-repeat=\"task in list\">\n				<td>{{task.name}}</td>\n				<td><a ng-click=\"openFullWindow(\'/bpm/task/taskComplete.html?taskId=\'+this.task.id)\" >{{task.subject}}</a> </td>\n				<td>{{task.createTime}}</td>\n			</tr>\n		</tbody>\n	</table>\n</div>', '/bpm/my/todoTaskList.html', '2018-03-30 18:05:43', NULL, '2018-04-02 17:18:17', NULL, NULL);
INSERT INTO `sys_workbench_panel` (`id_`, `alias_`, `name_`, `type_`, `desc_`, `data_type_`, `data_source_`, `auto_refresh_`, `width_`, `height_`, `display_content_`, `more_url_`, `create_time_`, `create_by_`, `update_time_`, `update_by_`, `delete_flag_`) VALUES ('10000051360122', 'productSales', '产品销售情况', 'echarts', '产品年度销售情况', 'interface', 'workbenchPanelManager.getTestData', NULL, '50', '300', '{\n	\"title\": {\n		\"text\": \"产品销售情况\"\n	},\n	\"legend\": {},\n	\"tooltip\": {},\n	\"toolbox\": {\n		\"show\": true,\n		\"feature\": {\n			\"magicType\": {\n				\"show\": true,\n				\"type\": [\"line\", \"bar\", \"stack\", \"tiled\"]\n			},\n			\"restore\": {\n				\"show\": true\n			},\n			\"saveAsImage\": {\n				\"show\": true\n			}\n		}\n	},\n	\"dataset\": {\n		\"source\": []\n	},\n	\"xAxis\": {\n		\"type\": \"category\"\n	},\n	\"yAxis\": {},\n	\"series\": []\n}', NULL, '2018-04-04 10:38:05', NULL, '2018-04-04 10:38:05', NULL, NULL);
INSERT INTO `sys_workbench_panel` (`id_`, `alias_`, `name_`, `type_`, `desc_`, `data_type_`, `data_source_`, `auto_refresh_`, `width_`, `height_`, `display_content_`, `more_url_`, `create_time_`, `create_by_`, `update_time_`, `update_by_`, `delete_flag_`) VALUES ('10000052180122', 'getPieData', '销售份额', 'echarts', NULL, 'interface', 'workbenchPanelManager.getPieData', NULL, '75', '500', '{\n	\"title\": {\n		\"text\": \"产品销售情况\"\n	},\n	\"legend\": {},\n	\"tooltip\": {},\n	\"dataset\": {\n		\"source\": []\n	},\n	\"series\": [{\n		\"type\": \"pie\"\n	}]\n}', NULL, '2018-04-04 11:45:02', NULL, '2018-04-04 14:09:13', NULL, NULL);
INSERT INTO `sys_workbench_panel` (`id_`, `alias_`, `name_`, `type_`, `desc_`, `data_type_`, `data_source_`, `auto_refresh_`, `width_`, `height_`, `display_content_`, `more_url_`, `create_time_`, `create_by_`, `update_time_`, `update_by_`, `delete_flag_`) VALUES ('10000053631201', 'userInfo', '用户信息', 'basic', '用户信息展示', 'interface', 'loginContext.getCurrentUser', '60', '25', '150', '<h4 class=\"no-margins\">{{userInfo.fullname}}</h4>\n<div class=\" pull-right  text-info\">{{userInfo.account}} <i class=\"fa-user-circle-o\"></i>\n</div>\n <small>{{userInfo.email}}</small>', '/org/user/userInfoEdit', '2018-03-08 09:50:19', NULL, '2018-03-29 16:08:54', NULL, NULL);
INSERT INTO `sys_workbench_panel` (`id_`, `alias_`, `name_`, `type_`, `desc_`, `data_type_`, `data_source_`, `auto_refresh_`, `width_`, `height_`, `display_content_`, `more_url_`, `create_time_`, `create_by_`, `update_time_`, `update_by_`, `delete_flag_`) VALUES ('10000053631202', 'roleInfo', '角色信息', 'basic', '用户信息展示', 'interface', 'loginContext.getCurrentUser', '60', '25', '150', '<p class=\"text-info\">{{roleInfo.email}}</p>\n<p class=\"text-info\">{{roleInfo.weixin}}</p>\n<p class=\"text-info\">{{roleInfo.mobile}}</p>', '1', '2018-03-12 11:26:16', NULL, '2018-03-29 16:20:53', NULL, NULL);
INSERT INTO `sys_workbench_panel` (`id_`, `alias_`, `name_`, `type_`, `desc_`, `data_type_`, `data_source_`, `auto_refresh_`, `width_`, `height_`, `display_content_`, `more_url_`, `create_time_`, `create_by_`, `update_time_`, `update_by_`, `delete_flag_`) VALUES ('10000053631203', 'org', '当前组织', 'basic', '用户信息展示', 'interface', 'loginContext.getCurrentGroup', NULL, '25', '150', '<h4 class=\"no-margins\">{{org.name}}</h4>\n<div class=\" pull-right  text-info\">{{org.code}} <i class=\"fa fa-address-card\"></i>\n</div>', NULL, '2018-03-12 11:26:21', NULL, '2018-03-29 16:13:54', NULL, NULL);
INSERT INTO `sys_workbench_panel` (`id_`, `alias_`, `name_`, `type_`, `desc_`, `data_type_`, `data_source_`, `auto_refresh_`, `width_`, `height_`, `display_content_`, `more_url_`, `create_time_`, `create_by_`, `update_time_`, `update_by_`, `delete_flag_`) VALUES ('10000053631205', 'order', '当天订单量', 'basic', '订单量描述', 'interface', 'loginContext.getCurrentUser', NULL, '25', '159', '<h1 class=\"no-margins\">23,000</h1>\n<div class=\" pull-right  text-info\">20% <i class=\"fa fa-level-up\"></i>\n</div>\n <small>新订单</small>', '/bims/applyOrderList/pendingV2_biz', '2018-03-12 11:26:28', NULL, '2018-03-30 09:47:02', NULL, NULL);

-- 面板模板
INSERT INTO `sys_workbench_panel_templ` (`id_`, `key_`, `name_`, `desc_`, `html_`) VALUES ('1', 'basic', '基础模板', '适用基本信息展示，或者列表数据', '<ul class=\"list-group\">\r\n  <li class=\"list-group-item\">{{data-alias.account}}</li>\r\n  <li class=\"list-group-item\">{{data-alias.fullname}}</li>\r\n  <li class=\"list-group-item\">{{data-alias.mobile}}</li>\r\n  <li class=\"list-group-item\">{{data-alias.orgName}}</li>\r\n  <li class=\"list-group-item\">{{data-alias.roleNames}}</li>\r\n</ul>');
INSERT INTO `sys_workbench_panel_templ` (`id_`, `key_`, `name_`, `desc_`, `html_`) VALUES ('3', 'echarts', '柱状图折线图模板', '', '{\r\n	\"title\": {\r\n		\"text\": \"产品销售情况\"\r\n	},\r\n	\"legend\": {},\r\n	\"tooltip\": {},\r\n	\"toolbox\": {\r\n		\"show\": true,\r\n		\"feature\": {\r\n			\"magicType\": {\r\n				\"show\": true,\r\n				\"type\": [\"line\", \"bar\", \"stack\", \"tiled\"]\r\n			},\r\n			\"restore\": {\r\n				\"show\": true\r\n			},\r\n			\"saveAsImage\": {\r\n				\"show\": true\r\n			}\r\n		}\r\n	},\r\n	\"dataset\": {\r\n		\"source\": []\r\n	},\r\n	\"xAxis\": {\r\n		\"type\": \"category\"\r\n	},\r\n	\"yAxis\": {},\r\n	\"series\": []\r\n}');
INSERT INTO `sys_workbench_panel_templ` (`id_`, `key_`, `name_`, `desc_`, `html_`) VALUES ('4', 'basic', '列表模板', '列表数据的模板案例，支持检索', '<div class=\"row\">\r\n	<div class=\"col-sm-7 m-b-xs\">\r\n		<div data-toggle=\"buttons\" class=\"btn-group\">\r\n			<label class=\"btn btn-sm btn-default active\"> <input type=\"radio\" name=\"param.Q_user_SL\" value=\"1\">待办</label>\r\n			<label class=\"btn btn-sm btn-default\"> <input type=\"radio\" name=\"param.Q_user_SL\" value=\"2\">已办</label>\r\n		</div>\r\n	</div>\r\n	<div class=\"col-sm-5\">\r\n		<div class=\"input-group\">\r\n			<input type=\"text\" placeholder=\"搜索订单关键字\" class=\"input-sm form-control\" ng-model=\"param.subject_\" > \r\n			<span class=\"input-group-btn\"> <button type=\"button\" ng-click=\"loadPanelData()\" class=\"btn btn-sm btn-primary\">搜索</button> </span>\r\n		</div>\r\n	</div>\r\n</div>\r\n <div class=\"table-responsive\">\r\n	<table class=\"table table-striped\">\r\n		<thead>\r\n			<tr>\r\n				<th>订单编号</th>\r\n				<th>待办事项</th>\r\n				<th>业务品种</th>\r\n				<th>客户姓名</th>\r\n				<th>创建时间</th>\r\n			</tr>\r\n		</thead>\r\n		<tbody>\r\n			<tr ng-repeat=\"task in list\">\r\n				<td>{{task.apply_no}}</td>\r\n				<td><a ng-click=\"openFullWindow(\'/flow/task/taskApprove?id=\'+this.task.ID_)\" >{{task.NAME_}}</a> </td>\r\n				<td>{{task.PROC_DEF_NAME_}}</td>\r\n				<td>{{task.seller_name}}</td>\r\n				<td>{{task.create_time}} </td>\r\n			</tr>\r\n		</tbody>\r\n	</table>\r\n</div>');
INSERT INTO `sys_workbench_panel_templ` (`id_`, `key_`, `name_`, `desc_`, `html_`) VALUES ('5', 'echarts', '饼图模板', '饼状图案例模板', '{\r\n	\"title\": {\r\n		\"text\": \"产品销售情况\"\r\n	},\r\n	\"legend\": {},\r\n	\"tooltip\": {},\r\n	\"dataset\": {\r\n		\"source\": []\r\n	},\r\n	\"series\": [{\r\n		\"type\": \"pie\"\r\n	}]\r\n}');


-- 系统菜单
INSERT INTO `sys_resource` (`ID_`, `SYSTEM_ID_`, `ALIAS_`, `NAME_`, `default_url_`, `ENABLE_MENU_`, `HAS_CHILDREN_`, `OPENED_`, `ICON_`, `NEW_WINDOW_`, `SN_`, `PARENT_ID_`, `CREATE_TIME_`) VALUES ('1', '1', 'personOffice', '个人办公', '', '0', '1', '1', 'slideshare', '0', '10', '0', NULL);
INSERT INTO `sys_resource` (`ID_`, `SYSTEM_ID_`, `ALIAS_`, `NAME_`, `default_url_`, `ENABLE_MENU_`, `HAS_CHILDREN_`, `OPENED_`, `ICON_`, `NEW_WINDOW_`, `SN_`, `PARENT_ID_`, `CREATE_TIME_`) VALUES ('1000000071000', '1', '1taskList', '任务列表', 'bpm/task/taskList.html', '1', '1', '1', '', '0', '1479297866587', '10000000710005', '2016-11-16 20:04:26');
INSERT INTO `sys_resource` (`ID_`, `SYSTEM_ID_`, `ALIAS_`, `NAME_`, `default_url_`, `ENABLE_MENU_`, `HAS_CHILDREN_`, `OPENED_`, `ICON_`, `NEW_WINDOW_`, `SN_`, `PARENT_ID_`, `CREATE_TIME_`) VALUES ('10000000710005', '1', 'newFlow', '流程管理', NULL, '0', '1', '1', '', '0', '33', '0', '2016-11-16 19:57:50');
INSERT INTO `sys_resource` (`ID_`, `SYSTEM_ID_`, `ALIAS_`, `NAME_`, `default_url_`, `ENABLE_MENU_`, `HAS_CHILDREN_`, `OPENED_`, `ICON_`, `NEW_WINDOW_`, `SN_`, `PARENT_ID_`, `CREATE_TIME_`) VALUES ('10000000710006', '1', 'list', '流程列表', 'bpm/definition/definitionList.html', '1', '1', '1', '', '0', '1479297866587', '10000000710005', '2016-11-16 20:04:26');
INSERT INTO `sys_resource` (`ID_`, `SYSTEM_ID_`, `ALIAS_`, `NAME_`, `default_url_`, `ENABLE_MENU_`, `HAS_CHILDREN_`, `OPENED_`, `ICON_`, `NEW_WINDOW_`, `SN_`, `PARENT_ID_`, `CREATE_TIME_`) VALUES ('10000001480006', '1', 'sysres', '资源管理', 'sys/sysResource/sysResourceList.html', '1', '1', '1', '', '0', '1', '44', '2017-03-16 23:52:15');
INSERT INTO `sys_resource` (`ID_`, `SYSTEM_ID_`, `ALIAS_`, `NAME_`, `default_url_`, `ENABLE_MENU_`, `HAS_CHILDREN_`, `OPENED_`, `ICON_`, `NEW_WINDOW_`, `SN_`, `PARENT_ID_`, `CREATE_TIME_`) VALUES ('10000001640004', '1', 'formCustDialogList', '自定义对话框', 'form/formCustDialog/formCustDialogList.html', '1', '1', '1', '', '0', '1491406695020', '56', '2017-04-05 23:38:15');
INSERT INTO `sys_resource` (`ID_`, `SYSTEM_ID_`, `ALIAS_`, `NAME_`, `default_url_`, `ENABLE_MENU_`, `HAS_CHILDREN_`, `OPENED_`, `ICON_`, `NEW_WINDOW_`, `SN_`, `PARENT_ID_`, `CREATE_TIME_`) VALUES ('10000001640007', '1', 'combinDialog', '组合对话框', '/form/combinateDialog/combinateDialogList', '0', '1', '1', '', '0', '1491406798665', '56', '2017-04-05 23:39:58');
INSERT INTO `sys_resource` (`ID_`, `SYSTEM_ID_`, `ALIAS_`, `NAME_`, `default_url_`, `ENABLE_MENU_`, `HAS_CHILDREN_`, `OPENED_`, `ICON_`, `NEW_WINDOW_`, `SN_`, `PARENT_ID_`, `CREATE_TIME_`) VALUES ('10000034500201', '1', 'gjjjr', '国家节假日', '/sys/holidayConf/holidayConfList', '0', '1', '1', '', '0', '1516274778478', '44', '2018-01-18 19:26:18');
INSERT INTO `sys_resource` (`ID_`, `SYSTEM_ID_`, `ALIAS_`, `NAME_`, `default_url_`, `ENABLE_MENU_`, `HAS_CHILDREN_`, `OPENED_`, `ICON_`, `NEW_WINDOW_`, `SN_`, `PARENT_ID_`, `CREATE_TIME_`) VALUES ('10000045331201', '1', 'rcb', '我的日程', '/sys/schedule/scheduleDisplay.html', '0', '1', '1', '', '0', '1517382648293', '1', '2018-01-31 15:10:48');
INSERT INTO `sys_resource` (`ID_`, `SYSTEM_ID_`, `ALIAS_`, `NAME_`, `default_url_`, `ENABLE_MENU_`, `HAS_CHILDREN_`, `OPENED_`, `ICON_`, `NEW_WINDOW_`, `SN_`, `PARENT_ID_`, `CREATE_TIME_`) VALUES ('10000047101201', '1', 'rcgl', '日程管理', '/sys/schedule/scheduleList.html', '0', '1', '1', '', '0', '1517540203764', '1', '2018-02-02 10:56:44');
INSERT INTO `sys_resource` (`ID_`, `SYSTEM_ID_`, `ALIAS_`, `NAME_`, `default_url_`, `ENABLE_MENU_`, `HAS_CHILDREN_`, `OPENED_`, `ICON_`, `NEW_WINDOW_`, `SN_`, `PARENT_ID_`, `CREATE_TIME_`) VALUES ('10000052971201', '1', 'gztgl', '工作台管理', 'sys/workbenchPanel/workbenchPanelList.html', '1', '0', '1', '', '0', '1519800765966', '44', '2018-02-28 14:52:46');
INSERT INTO `sys_resource` (`ID_`, `SYSTEM_ID_`, `ALIAS_`, `NAME_`, `default_url_`, `ENABLE_MENU_`, `HAS_CHILDREN_`, `OPENED_`, `ICON_`, `NEW_WINDOW_`, `SN_`, `PARENT_ID_`, `CREATE_TIME_`) VALUES ('11', '1', 'myDraft', '我的草稿', 'bpm/my/draftList.html', '1', '1', '1', '', '0', '2', '7', NULL);
INSERT INTO `sys_resource` (`ID_`, `SYSTEM_ID_`, `ALIAS_`, `NAME_`, `default_url_`, `ENABLE_MENU_`, `HAS_CHILDREN_`, `OPENED_`, `ICON_`, `NEW_WINDOW_`, `SN_`, `PARENT_ID_`, `CREATE_TIME_`) VALUES ('18', '1', 'orgManager', '用户组织', '', '1', '1', '1', 'users', '0', '20', '0', NULL);
INSERT INTO `sys_resource` (`ID_`, `SYSTEM_ID_`, `ALIAS_`, `NAME_`, `default_url_`, `ENABLE_MENU_`, `HAS_CHILDREN_`, `OPENED_`, `ICON_`, `NEW_WINDOW_`, `SN_`, `PARENT_ID_`, `CREATE_TIME_`) VALUES ('19', '1', 'userManager', '用户管理', 'org/user/userList.html', '1', '1', '1', '', '0', '1', '18', NULL);
INSERT INTO `sys_resource` (`ID_`, `SYSTEM_ID_`, `ALIAS_`, `NAME_`, `default_url_`, `ENABLE_MENU_`, `HAS_CHILDREN_`, `OPENED_`, `ICON_`, `NEW_WINDOW_`, `SN_`, `PARENT_ID_`, `CREATE_TIME_`) VALUES ('2', '1', 'flowEvent', '事项办理', '', '1', '1', '1', '', '0', '0', '1', NULL);
INSERT INTO `sys_resource` (`ID_`, `SYSTEM_ID_`, `ALIAS_`, `NAME_`, `default_url_`, `ENABLE_MENU_`, `HAS_CHILDREN_`, `OPENED_`, `ICON_`, `NEW_WINDOW_`, `SN_`, `PARENT_ID_`, `CREATE_TIME_`) VALUES ('20', '1', 'orgMgr', '组织管理', 'org/group/groupList.html', '1', '1', '1', '', '0', '3', '18', NULL);
INSERT INTO `sys_resource` (`ID_`, `SYSTEM_ID_`, `ALIAS_`, `NAME_`, `default_url_`, `ENABLE_MENU_`, `HAS_CHILDREN_`, `OPENED_`, `ICON_`, `NEW_WINDOW_`, `SN_`, `PARENT_ID_`, `CREATE_TIME_`) VALUES ('20000001570004', '1', 'sysDataSourceDefList', '系统数据源模板', 'sys/sysDataSourceDef/sysDataSourceDefList.html', '1', '1', '1', '', '0', '10', '44', '2018-02-27 15:50:44');
INSERT INTO `sys_resource` (`ID_`, `SYSTEM_ID_`, `ALIAS_`, `NAME_`, `default_url_`, `ENABLE_MENU_`, `HAS_CHILDREN_`, `OPENED_`, `ICON_`, `NEW_WINDOW_`, `SN_`, `PARENT_ID_`, `CREATE_TIME_`) VALUES ('20000002880001', '1', 'sysTreeList', '系统树', 'sys/sysTree/sysTreeList.html', '1', '1', '1', '', '0', '1521442292317', '56', '2018-03-19 14:51:32');
INSERT INTO `sys_resource` (`ID_`, `SYSTEM_ID_`, `ALIAS_`, `NAME_`, `default_url_`, `ENABLE_MENU_`, `HAS_CHILDREN_`, `OPENED_`, `ICON_`, `NEW_WINDOW_`, `SN_`, `PARENT_ID_`, `CREATE_TIME_`) VALUES ('20000002980001', '1', 'copeTask', '我的抄送', NULL, '0', '1', '1', '', '0', '3', '2', '2018-03-25 19:07:18');
INSERT INTO `sys_resource` (`ID_`, `SYSTEM_ID_`, `ALIAS_`, `NAME_`, `default_url_`, `ENABLE_MENU_`, `HAS_CHILDREN_`, `OPENED_`, `ICON_`, `NEW_WINDOW_`, `SN_`, `PARENT_ID_`, `CREATE_TIME_`) VALUES ('20000003070153', '1', 'processInstanceList', '流程实例', 'bpm/instance/instanceList.html', '1', '1', '1', '', '0', '1521363666263', '10000000710005', '2018-03-18 17:01:06');
INSERT INTO `sys_resource` (`ID_`, `SYSTEM_ID_`, `ALIAS_`, `NAME_`, `default_url_`, `ENABLE_MENU_`, `HAS_CHILDREN_`, `OPENED_`, `ICON_`, `NEW_WINDOW_`, `SN_`, `PARENT_ID_`, `CREATE_TIME_`) VALUES ('20000010520001', '1', 'myTodo', '待办事项', 'bpm/my/todoTaskList.html', '1', '1', '1', '', '0', '1', '2', NULL);
INSERT INTO `sys_resource` (`ID_`, `SYSTEM_ID_`, `ALIAS_`, `NAME_`, `default_url_`, `ENABLE_MENU_`, `HAS_CHILDREN_`, `OPENED_`, `ICON_`, `NEW_WINDOW_`, `SN_`, `PARENT_ID_`, `CREATE_TIME_`) VALUES ('21', '1', 'roleMgr', '角色管理', 'org/role/roleList.html', '1', '1', '1', '', '0', '5', '18', NULL);
INSERT INTO `sys_resource` (`ID_`, `SYSTEM_ID_`, `ALIAS_`, `NAME_`, `default_url_`, `ENABLE_MENU_`, `HAS_CHILDREN_`, `OPENED_`, `ICON_`, `NEW_WINDOW_`, `SN_`, `PARENT_ID_`, `CREATE_TIME_`) VALUES ('22', '1', 'jobManager', '职务管理', 'org/groupRelDef/groupRelDefList.html', '1', '1', '1', '', '0', '7', '18', NULL);
INSERT INTO `sys_resource` (`ID_`, `SYSTEM_ID_`, `ALIAS_`, `NAME_`, `default_url_`, `ENABLE_MENU_`, `HAS_CHILDREN_`, `OPENED_`, `ICON_`, `NEW_WINDOW_`, `SN_`, `PARENT_ID_`, `CREATE_TIME_`) VALUES ('23', '1', 'flowManager', '表单管理', '', '0', '1', '1', '', '0', '31', '0', NULL);
INSERT INTO `sys_resource` (`ID_`, `SYSTEM_ID_`, `ALIAS_`, `NAME_`, `default_url_`, `ENABLE_MENU_`, `HAS_CHILDREN_`, `OPENED_`, `ICON_`, `NEW_WINDOW_`, `SN_`, `PARENT_ID_`, `CREATE_TIME_`) VALUES ('25', '1', 'boManager', '业务对象', '', '1', '1', '1', 'fa-database', '0', '0', '23', NULL);
INSERT INTO `sys_resource` (`ID_`, `SYSTEM_ID_`, `ALIAS_`, `NAME_`, `default_url_`, `ENABLE_MENU_`, `HAS_CHILDREN_`, `OPENED_`, `ICON_`, `NEW_WINDOW_`, `SN_`, `PARENT_ID_`, `CREATE_TIME_`) VALUES ('26', '1', 'businessTableList', '业务实体', 'bus/businessTable/businessTableList.html', '1', '1', '1', '', '0', '0', '25', NULL);
INSERT INTO `sys_resource` (`ID_`, `SYSTEM_ID_`, `ALIAS_`, `NAME_`, `default_url_`, `ENABLE_MENU_`, `HAS_CHILDREN_`, `OPENED_`, `ICON_`, `NEW_WINDOW_`, `SN_`, `PARENT_ID_`, `CREATE_TIME_`) VALUES ('27', '1', 'businessObjectList', '业务对象', 'bus/buinessObject/businessObjectList.html', '1', '1', '1', '', '0', '0', '25', NULL);
INSERT INTO `sys_resource` (`ID_`, `SYSTEM_ID_`, `ALIAS_`, `NAME_`, `default_url_`, `ENABLE_MENU_`, `HAS_CHILDREN_`, `OPENED_`, `ICON_`, `NEW_WINDOW_`, `SN_`, `PARENT_ID_`, `CREATE_TIME_`) VALUES ('28', '1', 'formDefManager', '表单定义', '', '1', '1', '1', 'fa-th-list', '0', '0', '23', NULL);
INSERT INTO `sys_resource` (`ID_`, `SYSTEM_ID_`, `ALIAS_`, `NAME_`, `default_url_`, `ENABLE_MENU_`, `HAS_CHILDREN_`, `OPENED_`, `ICON_`, `NEW_WINDOW_`, `SN_`, `PARENT_ID_`, `CREATE_TIME_`) VALUES ('30', '1', 'boForm', '业务表单', 'form/formDef/formDefList.html', '1', '1', '1', '', '0', '0', '28', NULL);
INSERT INTO `sys_resource` (`ID_`, `SYSTEM_ID_`, `ALIAS_`, `NAME_`, `default_url_`, `ENABLE_MENU_`, `HAS_CHILDREN_`, `OPENED_`, `ICON_`, `NEW_WINDOW_`, `SN_`, `PARENT_ID_`, `CREATE_TIME_`) VALUES ('31', '1', 'mobileForm', '手机表单', 'form/formDef/mobileFormDefList.html', '1', '1', '1', '', '0', '0', '28', NULL);
INSERT INTO `sys_resource` (`ID_`, `SYSTEM_ID_`, `ALIAS_`, `NAME_`, `default_url_`, `ENABLE_MENU_`, `HAS_CHILDREN_`, `OPENED_`, `ICON_`, `NEW_WINDOW_`, `SN_`, `PARENT_ID_`, `CREATE_TIME_`) VALUES ('32', '1', 'formTemplate', '表单模版', 'form/formTemplate/formTemplateList.html', '1', '1', '1', '', '0', '0', '28', NULL);
INSERT INTO `sys_resource` (`ID_`, `SYSTEM_ID_`, `ALIAS_`, `NAME_`, `default_url_`, `ENABLE_MENU_`, `HAS_CHILDREN_`, `OPENED_`, `ICON_`, `NEW_WINDOW_`, `SN_`, `PARENT_ID_`, `CREATE_TIME_`) VALUES ('4', '1', 'myHandledEvent', '办理历史', 'bpm/my/approveList.html', '1', '1', '1', '', '0', '2', '2', NULL);
INSERT INTO `sys_resource` (`ID_`, `SYSTEM_ID_`, `ALIAS_`, `NAME_`, `default_url_`, `ENABLE_MENU_`, `HAS_CHILDREN_`, `OPENED_`, `ICON_`, `NEW_WINDOW_`, `SN_`, `PARENT_ID_`, `CREATE_TIME_`) VALUES ('402552195187998721', '1', 'DEMO', 'DEMO', NULL, '0', '1', '1', '', '0', '1535614758245', '0', NULL);
INSERT INTO `sys_resource` (`ID_`, `SYSTEM_ID_`, `ALIAS_`, `NAME_`, `default_url_`, `ENABLE_MENU_`, `HAS_CHILDREN_`, `OPENED_`, `ICON_`, `NEW_WINDOW_`, `SN_`, `PARENT_ID_`, `CREATE_TIME_`) VALUES ('402552219777630209', '1', 'demoModule', '案例模块', 'demo/demo/demoList.html', '1', '1', '1', '', '0', '1535614852042', '402552195187998721', NULL);
INSERT INTO `sys_resource` (`ID_`, `SYSTEM_ID_`, `ALIAS_`, `NAME_`, `default_url_`, `ENABLE_MENU_`, `HAS_CHILDREN_`, `OPENED_`, `ICON_`, `NEW_WINDOW_`, `SN_`, `PARENT_ID_`, `CREATE_TIME_`) VALUES ('43', '1', 'sysSetting', '系统配置', '', '1', '1', '1', 'cogs', '0', '40', '0', NULL);
INSERT INTO `sys_resource` (`ID_`, `SYSTEM_ID_`, `ALIAS_`, `NAME_`, `default_url_`, `ENABLE_MENU_`, `HAS_CHILDREN_`, `OPENED_`, `ICON_`, `NEW_WINDOW_`, `SN_`, `PARENT_ID_`, `CREATE_TIME_`) VALUES ('44', '1', 'systemMgr', '系统设置', '', '1', '1', '1', '', '0', '0', '43', NULL);
INSERT INTO `sys_resource` (`ID_`, `SYSTEM_ID_`, `ALIAS_`, `NAME_`, `default_url_`, `ENABLE_MENU_`, `HAS_CHILDREN_`, `OPENED_`, `ICON_`, `NEW_WINDOW_`, `SN_`, `PARENT_ID_`, `CREATE_TIME_`) VALUES ('46', '1', 'dicManager', '数据字典', 'sys/dataDict/dataDictList.html', '1', '1', '1', '', '0', '2', '44', NULL);
INSERT INTO `sys_resource` (`ID_`, `SYSTEM_ID_`, `ALIAS_`, `NAME_`, `default_url_`, `ENABLE_MENU_`, `HAS_CHILDREN_`, `OPENED_`, `ICON_`, `NEW_WINDOW_`, `SN_`, `PARENT_ID_`, `CREATE_TIME_`) VALUES ('47', '1', 'schedulerMgr', '定时计划', 'sys/scheduleJob/sysjobList.html', '1', '1', '1', '', '0', '3', '44', NULL);
INSERT INTO `sys_resource` (`ID_`, `SYSTEM_ID_`, `ALIAS_`, `NAME_`, `default_url_`, `ENABLE_MENU_`, `HAS_CHILDREN_`, `OPENED_`, `ICON_`, `NEW_WINDOW_`, `SN_`, `PARENT_ID_`, `CREATE_TIME_`) VALUES ('49', '1', 'syspropertyMgr', '系统属性管理', 'sys/sysProperties/sysPropertiesList.html', '1', '1', '1', '', '0', '5', '44', NULL);
INSERT INTO `sys_resource` (`ID_`, `SYSTEM_ID_`, `ALIAS_`, `NAME_`, `default_url_`, `ENABLE_MENU_`, `HAS_CHILDREN_`, `OPENED_`, `ICON_`, `NEW_WINDOW_`, `SN_`, `PARENT_ID_`, `CREATE_TIME_`) VALUES ('50', '1', 'sysDataSourceList', '系统数据源', 'sys/sysDataSource/sysDataSourceList.html', '1', '1', '1', '', '0', '6', '44', NULL);
INSERT INTO `sys_resource` (`ID_`, `SYSTEM_ID_`, `ALIAS_`, `NAME_`, `default_url_`, `ENABLE_MENU_`, `HAS_CHILDREN_`, `OPENED_`, `ICON_`, `NEW_WINDOW_`, `SN_`, `PARENT_ID_`, `CREATE_TIME_`) VALUES ('54', '1', 'subSystemMgr', '子系统管理', '/base/base/subsystem/subsystemList', '0', '1', '1', '', '0', '1473151574699', '44', NULL);
INSERT INTO `sys_resource` (`ID_`, `SYSTEM_ID_`, `ALIAS_`, `NAME_`, `default_url_`, `ENABLE_MENU_`, `HAS_CHILDREN_`, `OPENED_`, `ICON_`, `NEW_WINDOW_`, `SN_`, `PARENT_ID_`, `CREATE_TIME_`) VALUES ('56', '1', 'flowAssist', '开发辅助', '', '1', '1', '1', '', '0', '1472910579075', '43', NULL);
INSERT INTO `sys_resource` (`ID_`, `SYSTEM_ID_`, `ALIAS_`, `NAME_`, `default_url_`, `ENABLE_MENU_`, `HAS_CHILDREN_`, `OPENED_`, `ICON_`, `NEW_WINDOW_`, `SN_`, `PARENT_ID_`, `CREATE_TIME_`) VALUES ('59', '1', 'personScriptMgr', '人员脚本', '/system/conditionScript/userScriptList', '0', '0', '1', '', '0', '8', '56', NULL);
INSERT INTO `sys_resource` (`ID_`, `SYSTEM_ID_`, `ALIAS_`, `NAME_`, `default_url_`, `ENABLE_MENU_`, `HAS_CHILDREN_`, `OPENED_`, `ICON_`, `NEW_WINDOW_`, `SN_`, `PARENT_ID_`, `CREATE_TIME_`) VALUES ('60', '1', 'serialNoMgr', '流水号', 'sys/serialNo/serialNoList.html', '1', '1', '1', '', '0', '9', '56', NULL);
INSERT INTO `sys_resource` (`ID_`, `SYSTEM_ID_`, `ALIAS_`, `NAME_`, `default_url_`, `ENABLE_MENU_`, `HAS_CHILDREN_`, `OPENED_`, `ICON_`, `NEW_WINDOW_`, `SN_`, `PARENT_ID_`, `CREATE_TIME_`) VALUES ('61', '1', 'scriptMgr', '常用脚本', 'sys/script/scriptList.html', '1', '1', '1', '', '0', '16', '56', NULL);
INSERT INTO `sys_resource` (`ID_`, `SYSTEM_ID_`, `ALIAS_`, `NAME_`, `default_url_`, `ENABLE_MENU_`, `HAS_CHILDREN_`, `OPENED_`, `ICON_`, `NEW_WINDOW_`, `SN_`, `PARENT_ID_`, `CREATE_TIME_`) VALUES ('7', '1', 'myStartEvent', '事项申请', '', '1', '1', '1', '', '0', '0', '1', NULL);
INSERT INTO `sys_resource` (`ID_`, `SYSTEM_ID_`, `ALIAS_`, `NAME_`, `default_url_`, `ENABLE_MENU_`, `HAS_CHILDREN_`, `OPENED_`, `ICON_`, `NEW_WINDOW_`, `SN_`, `PARENT_ID_`, `CREATE_TIME_`) VALUES ('8', '1', 'myStartFlow', '发起申请', 'bpm/my/definitionList.html', '1', '1', '1', '', '0', '1', '7', NULL);
INSERT INTO `sys_resource` (`ID_`, `SYSTEM_ID_`, `ALIAS_`, `NAME_`, `default_url_`, `ENABLE_MENU_`, `HAS_CHILDREN_`, `OPENED_`, `ICON_`, `NEW_WINDOW_`, `SN_`, `PARENT_ID_`, `CREATE_TIME_`) VALUES ('9', '1', 'myRequest', '申请历史', 'bpm/my/applyTaskList.html', '1', '1', '1', '', '0', '2', '7', NULL);


-- FORM 模块

-- 表单初始化模板

INSERT INTO `form_template` (`id_`, `name_`, `form_type_`, `type_`, `html_`, `desc_`, `editable_`, `key_`) VALUES ('10000000000103', '单列模板', 'pc', 'main', '<table class=\"form-table\">\r\n	<#list relation.table.columnsWithOutHidden as column>\r\n	<tr>								\r\n		<th>${column.comment}</th>\r\n		<td>${generator.getColumn(column,relation)}</td>								\r\n	</tr>\r\n	</#list>\r\n</table>\r\n${getOne2OneChild(relation)}\r\n\r\n\r\n\r\n\r\n<#function getOne2OneChild relation> \r\n	<#assign relationList = relation.getChildren(\'oneToOne\')>\r\n	<#assign rtn>\r\n		<#list relationList as relation>\r\n			<div ${generator.getSubAttrs(relation)} >\r\n				<div class=\"block-title\"> <span class=\"title\">${relation.tableComment} </span>\r\n					${getOne2ManyChild(relation)}\r\n				</div>\r\n				<table class=\"form-table\">\r\n					<#list relation.table.columnsWithOutHidden as column>\r\n						<tr>\r\n							<th>${column.comment}</th>\r\n							<td>${generator.getColumn(column,relation)} </td>\r\n						</tr>\r\n					</#list>\r\n				</table>\r\n				${getOne2OneChild(relation)}\r\n			</div>\r\n		</#list>\r\n	</#assign>\r\n	<#return rtn>\r\n</#function>\r\n\r\n<#function getOne2ManyChild relation> \r\n	<#assign relationList = relation.getChildren(\'oneToMany\')>\r\n	<#assign rtn>\r\n		 <#if relationList?? && (relationList?size > 0) >\r\n		<div class=\"pull-left\"><#list relationList as relation><a href=\"#\" class=\"btn btn-link btn-sm fa fa-detail\" ng-model=\"${relation.parent.tableKey}\" ab-sub-detail=\"${relation.getBusObj().getKey()}-${relation.tableKey}\" ab-show-permission=\"tablePermission.${relation.busObj.key}.${relation.tableKey}\">${relation.tableComment}</a>\r\n		</#list>\r\n		</div>\r\n		</#if>\r\n	</#assign>\r\n	<#return rtn>\r\n</#function>', '单列模板', '0', 'mainOneColumn');
INSERT INTO `form_template` (`id_`, `name_`, `form_type_`, `type_`, `html_`, `desc_`, `editable_`, `key_`) VALUES ('10000000000104', '两列模板', 'pc', 'main', '<table class=\"form-table\">\r\n	<#assign index=1>\r\n	<#list relation.table.columnsWithOutHidden as column>\r\n	<#if index==1>\r\n	<tr>\r\n	</#if>								\r\n		<th>${column.comment}</th>\r\n		<td ${getColspan(index,column_has_next)}>${generator.getColumn(column,relation)}</td>								\r\n	<#if field.isSeparator==true || !column_has_next || index==2>\r\n	</tr>\r\n	<#assign index=0>\r\n	</#if>\r\n	<#assign index=index+1>\r\n	</#list>\r\n</table>\r\n${getOne2OneChild(relation)}\r\n\r\n<#function getOne2OneChild relation> \r\n	<#assign relationList = relation.getChildren(\'oneToOne\')>\r\n	<#assign rtn>\r\n		<#list relationList as relation>\r\n			<div ${generator.getSubAttrs(relation)} >\r\n				<div class=\"block-title\"> <span class=\"title\">${relation.tableComment} </span>\r\n					${getOne2ManyChild(relation)}\r\n				</div>\r\n				<table class=\"form-table\">\r\n					<#assign index=1>\r\n					<#list relation.table.columnsWithOutHidden as column>\r\n						<#if index==1>\r\n						<tr>\r\n						</#if>\r\n							<th>${column.comment}</th>\r\n							<td ${getColspan(index,column_has_next)}>${generator.getColumn(column,relation)}</td>\r\n						<#if !column_has_next || index==2>\r\n						</tr>\r\n						<#assign index=0>\r\n						</#if> \r\n						<#assign index=index+1>\r\n					</#list>\r\n				</table>\r\n				${getOne2OneChild(relation)}\r\n			</div>\r\n		</#list>\r\n	</#assign>\r\n	<#return rtn>\r\n</#function>\r\n\r\n<#function getOne2ManyChild relation> \r\n	<#assign relationList = relation.getChildren(\'oneToMany\')>\r\n	<#assign rtn>\r\n		 <#if relationList?? && (relationList?size > 0) >\r\n		<div class=\"pull-left\"><#list relationList as relation><a href=\"#\" class=\"btn btn-link btn-sm fa fa-detail\" ng-model=\"${relation.parent.tableKey}\" ab-sub-detail=\"${relation.getBusObj().getKey()}-${relation.tableKey}\" ab-show-permission=\"tablePermission.${relation.busObj.key}.${relation.tableKey}\">${relation.tableComment}</a>\r\n		</#list>\r\n		</div>\r\n		</#if>\r\n	</#assign>\r\n	<#return rtn>\r\n</#function>\r\n\r\n\r\n<#function getColspan index,hasNext>\r\n	<#assign rtn=\"\">\r\n	\r\n	 <#if !hasNext && index !=2>\r\n		<#assign rtn=\"colspan=\'\"+((2-index)*2+1)+\"\'\"> \r\n	</#if>\r\n	\r\n	<#return rtn>\r\n</#function>', '两列模板', '0', 'mainTwoColumn');
INSERT INTO `form_template` (`id_`, `name_`, `form_type_`, `type_`, `html_`, `desc_`, `editable_`, `key_`) VALUES ('10000000000105', '三列模板', 'pc', 'main', '<table class=\"form-table\">\r\n	<#assign index=1>\r\n	<#list relation.table.columnsWithOutHidden as column>\r\n		<#if index==1>\r\n		<tr>\r\n		</#if>\r\n			<th>${column.comment}</th>\r\n			<td ${getColspan(index,column_has_next)}> ${generator.getColumn(column,relation)} </td>\r\n		<#if !column_has_next || index==3>\r\n		</tr>\r\n		<#assign index=0>\r\n		</#if> \r\n		<#assign index=index+1>\r\n	</#list>\r\n</table>\r\n ${getOne2OneChild(relation)}\r\n \r\n \r\n<#function getOne2OneChild relation> \r\n	<#assign relationList = relation.getChildren(\'oneToOne\')>\r\n	<#assign rtn>\r\n		<#list relationList as relation>\r\n			<div ${generator.getSubAttrs(relation)} >\r\n				<div class=\"block-title\"> <span class=\"title\">${relation.tableComment} </span>\r\n					${getOne2ManyChild(relation)}\r\n				</div>\r\n				<table class=\"form-table\">\r\n					<#assign index=1>\r\n					<#list relation.table.columnsWithOutHidden as column>\r\n						<#if index==1>\r\n						<tr>\r\n						</#if>\r\n							<th>${column.comment}</th>\r\n							<td ${getColspan(index,column_has_next)}>${generator.getColumn(column,relation)}</td>\r\n						<#if !column_has_next || index==3>\r\n						</tr>\r\n						<#assign index=0>\r\n						</#if> \r\n						<#assign index=index+1>\r\n					</#list>\r\n				</table>\r\n				${getOne2OneChild(relation)}\r\n			</div>\r\n		</#list>\r\n	</#assign>\r\n	<#return rtn>\r\n</#function>\r\n\r\n<#function getOne2ManyChild relation> \r\n	<#assign relationList = relation.getChildren(\'oneToMany\')>\r\n	<#assign rtn>\r\n		 <#if relationList?? && (relationList?size > 0) >\r\n		<div class=\"pull-left\"><#list relationList as relation><a href=\"#\" class=\"btn btn-link btn-sm fa fa-detail\" ng-model=\"${relation.parent.tableKey}\" ab-sub-detail=\"${relation.getBusObj().getKey()}-${relation.tableKey}\" ab-show-permission=\"tablePermission.${relation.busObj.key}.${relation.tableKey}\">${relation.tableComment}</a>\r\n		</#list>\r\n		</div>\r\n		</#if>\r\n	</#assign>\r\n	<#return rtn>\r\n</#function>\r\n\r\n<#function getColspan index,hasNext>\r\n	<#assign rtn=\"\">\r\n	\r\n	 <#if !hasNext && index !=3>\r\n		<#assign rtn=\"colspan=\'\"+((3-index)*2+1)+\"\'\"> \r\n	</#if>\r\n	\r\n	<#return rtn>\r\n</#function>', '三列模板', '0', 'mainThreeColumn');
INSERT INTO `form_template` (`id_`, `name_`, `form_type_`, `type_`, `html_`, `desc_`, `editable_`, `key_`) VALUES ('10000000000106', '四列模板', 'pc', 'main', '<table class=\"form-table\">\r\n	<#assign index=1>\r\n	<#list relation.table.columnsWithOutHidden as column>\r\n		<#if index==1>\r\n		<tr>\r\n		</#if>\r\n			<th>${column.comment}</th>\r\n			<td ${getColspan(index,column_has_next)}> ${generator.getColumn(column,relation)} </td>\r\n		<#if !column_has_next || index==4>\r\n		</tr>\r\n		<#assign index=0>\r\n		</#if> \r\n		<#assign index=index+1>\r\n	</#list>\r\n</table>\r\n\r\n<#function getOne2OneChild relation> \r\n	<#assign relationList = relation.getChildren(\'oneToOne\')>\r\n	<#assign rtn>\r\n		<#list relationList as relation>\r\n			<div ${generator.getSubAttrs(relation)} >\r\n				<div class=\"block-title\"> <span class=\"title\">${relation.tableComment} </span>\r\n					${getOne2ManyChild(relation)}\r\n				</div>\r\n				<table class=\"form-table\">\r\n					<#assign index=1>\r\n					<#list relation.table.columnsWithOutHidden as column>\r\n						<#if index==1>\r\n						<tr>\r\n						</#if>\r\n							<th>${column.comment}</th>\r\n							<td ${getColspan(index,column_has_next)}>${generator.getColumn(column,relation)}</td>\r\n						<#if !column_has_next || index==4>\r\n						</tr>\r\n						<#assign index=0>\r\n						</#if> \r\n						<#assign index=index+1>\r\n					</#list>\r\n				</table>\r\n				${getOne2OneChild(relation)}\r\n			</div>\r\n		</#list>\r\n	</#assign>\r\n	<#return rtn>\r\n</#function>\r\n\r\n<#function getOne2ManyChild relation> \r\n	<#assign relationList = relation.getChildren(\'oneToMany\')>\r\n	<#assign rtn>\r\n		 <#if relationList?? && (relationList?size > 0) >\r\n		<div class=\"pull-left\"><#list relationList as relation><a href=\"#\" class=\"btn btn-link btn-sm fa fa-detail\" ng-model=\"${relation.parent.tableKey}\" ab-sub-detail=\"${relation.getBusObj().getKey()}-${relation.tableKey}\" ab-show-permission=\"tablePermission.${relation.busObj.key}.${relation.tableKey}\">${relation.tableComment}</a>\r\n		</#list>\r\n		</div>\r\n		</#if>\r\n	</#assign>\r\n	<#return rtn>\r\n</#function>\r\n\r\n<#function getColspan index,hasNext>\r\n	<#assign rtn=\"\">\r\n	\r\n	 <#if (!hasNext || isSeparator==true) && index !=4>\r\n		<#assign rtn=\"colspan=\'\"+((4-index)*2+1)+\"\'\"> \r\n	</#if>\r\n	\r\n	<#return rtn>\r\n</#function>', '四列模板', '0', 'mainFourColumn');
INSERT INTO `form_template` (`id_`, `name_`, `form_type_`, `type_`, `html_`, `desc_`, `editable_`, `key_`) VALUES ('10000000000107', '单列模板', 'pc', 'subTable', '<div ${generator.getSubAttrs(relation)} ab-show-permission=\"tablePermission.${relation.busObj.key}.${relation.tableKey}\" >\r\n	<div class=\"ibox-title\"><span class=\"title\">${relation.tableComment}</span>\r\n		<a href=\"javascript:void(0)\" class=\"btn btn-primary btn-sm fa fa-plus\" ng-model=\"${generator.getScopePath(relation)}\" ab-sub-add=\"initData.${relation.busObj.key}.${relation.tableKey}\" ab-edit-permission=\"tablePermission.${relation.busObj.key}.${relation.tableKey}\">添加</a>\r\n	</div>\r\n	<div class=\"ibox-content\" ng-repeat=\"${relation.tableKey} in ${generator.getScopePath(relation)} track by $index\"> ${getOne2ManyChild(relation)}<a class=\"btn btn-danger btn-xs fa fa-delete pull-right\" ng-click=\"ArrayTool.del($index,${generator.getScopePath(relation)})\" ab-edit-permission=\"tablePermission.${relation.busObj.key}.${relation.tableKey}\"> 移除</a>\r\n		<table class=\"form-table\">\r\n		<#list relation.table.columnsWithOutHidden as column>\r\n			<tr>\r\n				<th>${column.comment}</th>\r\n				<td>${generator.getColumn(column,relation)} </td>\r\n			</tr>\r\n		</#list>\r\n		</table>\r\n		 ${getOne2OneChild(relation)}\r\n	</div>\r\n</div>\r\n\r\n<#function getOne2OneChild relation> \r\n	<#assign relationList = relation.getChildren(\'oneToOne\')>\r\n	<#assign rtn>\r\n		<#list relationList as relation>\r\n			<div ${generator.getSubAttrs(relation)} >\r\n				<div class=\"block-title\"> <span class=\"title\">${relation.tableComment} </span>\r\n					${getOne2ManyChild(relation)}\r\n				</div>\r\n				<table class=\"form-table\">\r\n					<#list relation.table.columnsWithOutHidden as column>\r\n						<tr>\r\n							<th>${column.comment}</th>\r\n							<td>${generator.getColumn(column,relation)} </td>\r\n						</tr>\r\n					</#list>\r\n				</table>\r\n				${getOne2OneChild(relation)}\r\n			</div>\r\n		</#list>\r\n	</#assign>\r\n	<#return rtn>\r\n</#function>\r\n\r\n<#function getOne2ManyChild relation> \r\n	<#assign relationList = relation.getChildren(\'oneToMany\')>\r\n	<#assign rtn>\r\n		 <#if relationList?? && (relationList?size > 0) >\r\n		<div class=\"pull-left\"><#list relationList as relation><a href=\"javascript:void(0)\" class=\"btn btn-link btn-sm fa fa-detail\" ng-model=\"${relation.parent.tableKey}\" ab-sub-detail=\"${relation.getBusObj().getKey()}-${relation.tableKey}\" ab-show-permission=\"tablePermission.${relation.busObj.key}.${relation.tableKey}\" >${relation.tableComment}</a>\r\n		</#list>\r\n		</div>\r\n		</#if>\r\n	</#assign>\r\n	<#return rtn>\r\n</#function>', '单列模板', '0', 'subOneColumn');
INSERT INTO `form_template` (`id_`, `name_`, `form_type_`, `type_`, `html_`, `desc_`, `editable_`, `key_`) VALUES ('10000000000108', '两列模板', 'pc', 'subTable', '<div ${generator.getSubAttrs(relation)} ab-show-permission=\"tablePermission.${relation.busObj.key}.${relation.tableKey}\" >\r\n	<div class=\"ibox-title\"><span class=\"title\">${relation.tableComment}</span>\r\n		<a href=\"###\" class=\"btn btn-primary btn-sm fa fa-plus\" ng-model=\"${generator.getScopePath(relation)}\" ab-sub-add=\"initData.${relation.busObj.key}.${relation.tableKey}\" ab-edit-permission=\"tablePermission.${relation.busObj.key}.${relation.tableKey}\" >添加</a>\r\n	</div>\r\n	<div class=\"ibox-content\" ng-repeat=\"${relation.tableKey} in ${generator.getScopePath(relation)} track by $index\"> ${getOne2ManyChild(relation)}<a class=\"btn btn-danger btn-xs fa fa-delete pull-right\" ng-click=\"ArrayTool.del($index,${generator.getScopePath(relation)})\" ab-edit-permission=\"tablePermission.${relation.busObj.key}.${relation.tableKey}\"> 移除</a>\r\n		<table class=\"form-table\">\r\n		<#assign index=1>\r\n		<#list relation.table.columnsWithOutHidden as column>\r\n			<#if index==1>\r\n			<tr>\r\n			</#if>\r\n				<th>${column.comment}</th>\r\n				<td ${getColspan(index,column_has_next)}>${generator.getColumn(column,relation)}</td>\r\n			<#if !column_has_next || index==2>\r\n			</tr>\r\n			<#assign index=0>\r\n			</#if> \r\n			<#assign index=index+1>\r\n		</#list>\r\n		</table>\r\n		 ${getOne2OneChild(relation)}\r\n	</div>\r\n</div>\r\n\r\n<#function getOne2OneChild relation> \r\n	<#assign relationList = relation.getChildren(\'oneToOne\')>\r\n	<#assign rtn>\r\n		<#list relationList as relation>\r\n			<div ${generator.getSubAttrs(relation)} >\r\n				<div class=\"block-title\"> <span class=\"title\">${relation.tableComment} </span>\r\n					${getOne2ManyChild(relation)}\r\n				</div>\r\n				<table class=\"form-table\">\r\n					<#assign index=1>\r\n					<#list relation.table.columnsWithOutHidden as column>\r\n						<#if index==1>\r\n						<tr>\r\n						</#if>\r\n							<th>${column.comment}</th>\r\n							<td ${getColspan(index,column_has_next)}>${generator.getColumn(column,relation)}</td>\r\n						<#if !column_has_next || index==2>\r\n						</tr>\r\n						<#assign index=0>\r\n						</#if> \r\n						<#assign index=index+1>\r\n					</#list>\r\n				</table>\r\n				${getOne2OneChild(relation)}\r\n			</div>\r\n		</#list>\r\n	</#assign>\r\n	<#return rtn>\r\n</#function>\r\n\r\n<#function getOne2ManyChild relation> \r\n	<#assign relationList = relation.getChildren(\'oneToMany\')>\r\n	<#assign rtn>\r\n		 <#if relationList?? && (relationList?size > 0) >\r\n		<div class=\"pull-left\"><#list relationList as relation><a href=\"#\" class=\"btn btn-link btn-sm fa fa-detail\" ng-model=\"${relation.parent.tableKey}\" ab-sub-detail=\"${relation.getBusObj().getKey()}-${relation.tableKey}\" ab-show-permission=\"tablePermission.${relation.busObj.key}.${relation.tableKey}\">${relation.tableComment}</a>\r\n		</#list>\r\n		</div>\r\n		</#if>\r\n	</#assign>\r\n	<#return rtn>\r\n</#function>\r\n\r\n<#function getColspan index,hasNext>\r\n	<#assign rtn=\"\">\r\n		 <#if !hasNext && index !=2>\r\n			<#assign rtn=\"colspan=\'\"+((2-index)*2+1)+\"\'\"> \r\n		</#if>\r\n<#return rtn>\r\n</#function> ', '两列模板', '0', 'subTwoColumn');
INSERT INTO `form_template` (`id_`, `name_`, `form_type_`, `type_`, `html_`, `desc_`, `editable_`, `key_`) VALUES ('10000000000109', '三列模板', 'pc', 'subTable', '<div ${generator.getSubAttrs(relation)} ab-show-permission=\"tablePermission.${relation.busObj.key}.${relation.tableKey}\" >\r\n	<div class=\"ibox-title\"><span class=\"title\">${relation.tableComment}</span>\r\n		<a href=\"###\" class=\"btn btn-primary btn-sm fa fa-plus\" ng-model=\"${generator.getScopePath(relation)}\" ab-sub-add=\"initData.${relation.busObj.key}.${relation.tableKey}\" ab-edit-permission=\"tablePermission.${relation.busObj.key}.${relation.tableKey}\">添加</a>\r\n	</div>\r\n	<div class=\"ibox-content\" ng-repeat=\"${relation.tableKey} in ${generator.getScopePath(relation)} track by $index\"> ${getOne2ManyChild(relation)}<a class=\"btn btn-danger btn-xs fa fa-delete pull-right\" ng-click=\"ArrayTool.del($index,${generator.getScopePath(relation)})\" ab-edit-permission=\"tablePermission.${relation.busObj.key}.${relation.tableKey}\"> 移除</a>\r\n		<table class=\"form-table\">\r\n		<#assign index=1>\r\n		<#list relation.table.columnsWithOutHidden as column>\r\n			<#if index==1>\r\n			<tr>\r\n			</#if>\r\n				<th>${column.comment}</th>\r\n				<td ${getColspan(index,column_has_next)}>${generator.getColumn(column,relation)}</td>\r\n			<#if !column_has_next || index==3>\r\n			</tr>\r\n			<#assign index=0>\r\n			</#if> \r\n			<#assign index=index+1>\r\n		</#list>\r\n		</table>\r\n		 ${getOne2OneChild(relation)}\r\n	</div>\r\n</div>\r\n\r\n<#function getOne2OneChild relation> \r\n	<#assign relationList = relation.getChildren(\'oneToOne\')>\r\n	<#assign rtn>\r\n		<#list relationList as relation>\r\n			<div ${generator.getSubAttrs(relation)} >\r\n				<div class=\"block-title\"> <span class=\"title\">${relation.tableComment} </span>\r\n					${getOne2ManyChild(relation)}\r\n				</div>\r\n				<table class=\"form-table\">\r\n					<#assign index=1>\r\n					<#list relation.table.columnsWithOutHidden as column>\r\n						<#if index==1>\r\n						<tr>\r\n						</#if>\r\n							<th>${column.comment}</th>\r\n							<td ${getColspan(index,column_has_next)}>${generator.getColumn(column,relation)}</td>\r\n						<#if !column_has_next || index==3>\r\n						</tr>\r\n						<#assign index=0>\r\n						</#if> \r\n						<#assign index=index+1>\r\n					</#list>\r\n				</table>\r\n				${getOne2OneChild(relation)}\r\n			</div>\r\n		</#list>\r\n	</#assign>\r\n	<#return rtn>\r\n</#function>\r\n\r\n<#function getOne2ManyChild relation> \r\n	<#assign relationList = relation.getChildren(\'oneToMany\')>\r\n	<#assign rtn>\r\n		 <#if relationList?? && (relationList?size > 0) >\r\n		<div class=\"pull-left\"><#list relationList as relation><a href=\"#\" class=\"btn btn-link btn-sm fa fa-detail\" ng-model=\"${relation.parent.tableKey}\" ab-sub-detail=\"${relation.getBusObj().getKey()}-${relation.tableKey}\" ab-show-permission=\"tablePermission.${relation.busObj.key}.${relation.tableKey}\" >${relation.tableComment}</a>\r\n		</#list>\r\n		</div>\r\n		</#if>\r\n	</#assign>\r\n	<#return rtn>\r\n</#function>\r\n\r\n<#function getColspan index,hasNext>\r\n	<#assign rtn=\"\">\r\n		 <#if (!hasNext || isSeparator==true) && index !=3>\r\n			<#assign rtn=\"colspan=\'\"+((3-index)*2+1)+\"\'\"> \r\n		</#if>\r\n<#return rtn>\r\n</#function>', '三列模板', '0', 'subThreeColumn');
INSERT INTO `form_template` (`id_`, `name_`, `form_type_`, `type_`, `html_`, `desc_`, `editable_`, `key_`) VALUES ('10000000000110', 'vux主表模板', 'mobile', 'main', '<script>\r\n	<!--脚本将会混入表单自定义表单控件-->\r\n	window.custFormComponentMixin ={\r\n			data: function () {\r\n		    	return {\"test\":\"helloWorld\"};\r\n		  	},\r\n			created:function(){\r\n				console.log(\"混入对象的钩子被调用\");\r\n			},methods:{\r\n				testaaa:function(){alert(1)}\r\n			}\r\n	}\r\n</script>\r\n<div class=\"weui-cells weui-cells_form\">\r\n<#list relation.table.columnsWithOutHidden as column>\r\n	<div class=\"weui-cell\" v-ab-permission:show=\"${vuxGenerator.getPermissionPath(column,relation)}\">\r\n        <div class=\"weui-cell__hd\"><label class=\"weui-label\">${column.comment}</label></div>\r\n        <div class=\"weui-cell__bd\">${vuxGenerator.getColumn(column,relation)}</div>\r\n	</div>\r\n</#list>\r\n</div>\r\n${getOne2OneChild(relation)}\r\n\r\n<#function getOne2OneChild relation> \r\n	<#assign relationList = relation.getChildren(\'oneToOne\')>\r\n	<#assign rtn>\r\n		<#list relationList as relation>\r\n			<div ${vuxGenerator.getSubAttrs(relation)} >\r\n				<div class=\"weui-cells__title\"> ${relation.tableComment}\r\n					${getOne2ManyChild(relation)}\r\n				</div>\r\n				\r\n				<div class=\"weui-cells weui-cells_form\">\r\n					<#list relation.table.columnsWithOutHidden as column>\r\n						<div class=\"weui-cell\" v-ab-permission:show=\"${vuxGenerator.getPermissionPath(column,relation)}\">\r\n					        <div class=\"weui-cell__hd\"><label class=\"weui-label\">${column.comment}</label></div>\r\n					        <div class=\"weui-cell__bd\">${vuxGenerator.getColumn(column,relation)}</div>\r\n					    </div>\r\n					</#list>\r\n				</div>\r\n				\r\n				${getOne2OneChild(relation)}\r\n			</div>\r\n		</#list>\r\n	</#assign>\r\n	<#return rtn>\r\n</#function>\r\n\r\n<#function getOne2ManyChild relation> \r\n	<#assign relationList = relation.getChildren(\'oneToMany\')>\r\n	<#assign rtn>\r\n		 <#if relationList?? && (relationList?size > 0) >\r\n		<div class=\"pull-left\"><#list relationList as relation><a href=\"#\"  v-on:click=\"showSubTable(${relation.parent.tableKey},\'${relation.tableKey}\')\" class=\"fa fa-list-alt weui-btn weui-btn_mini weui-btn_primary\"  v-ab-permission:show=\"tablePermission.${relation.busObj.key}.${relation.tableKey}\">${relation.tableComment}详情</a>\r\n		</#list>\r\n		</div>\r\n		</#if>\r\n	</#assign>\r\n	<#return rtn>\r\n</#function>', 'vux主表模板', '0', 'vuxMainTemplate');
INSERT INTO `form_template` (`id_`, `name_`, `form_type_`, `type_`, `html_`, `desc_`, `editable_`, `key_`) VALUES ('10000000000111', 'vux子表模板', 'mobile', 'subTable', '<div ${vuxGenerator.getSubAttrs(relation)} v-ab-permission:show=\"tablePermission.${relation.busObj.key}.${relation.tableKey}\" >\r\n	<#if vuxGenerator.isThreeChildren(relation)><popup v-model=\"subTableDialog.${relation.tableKey}\" position=\"bottom\" height=\"80%\"> </#if>\r\n	<div class=\"weui-cells__title\" ><span class=\"title\">${relation.tableComment}</span>\r\n		<a href=\"javascript:;\" v-sub-add=\"[${vuxGenerator.getScopePath(relation)},initData.${relation.busObj.key}.${relation.tableKey}]\" class=\"fa fa-plus weui-btn weui-btn_mini weui-btn_primary\" v-ab-permission:edit=\"tablePermission.${relation.busObj.key}.${relation.tableKey}\"></a> \r\n	</div>\r\n	<div class=\"weui-cells weui-cells_form\" v-for=\"(${relation.tableKey},index) in ${vuxGenerator.getScopePath(relation)}\">\r\n		<div class=\"weui-cells__title\">\r\n		 	${getOne2ManyChild(relation)}\r\n		 	<a href=\"javascript:;\" v-sub-del=\"[${vuxGenerator.getScopePath(relation)},index]\" class=\"fa fa-trash weui-btn weui-btn_mini weui-btn_warn pull-right\" v-ab-permission:edit=\"tablePermission.${relation.busObj.key}.${relation.tableKey}\"></a> \r\n		 </div>\r\n		<#list relation.table.columnsWithOutHidden as column>\r\n			<div class=\"weui-cell\" v-ab-permission:show=\"${vuxGenerator.getPermissionPath(column,relation)}\">\r\n		        <div class=\"weui-cell__hd\"><label class=\"weui-label\">${column.comment}</label></div>\r\n				<div class=\"weui-cell__bd\">${vuxGenerator.getColumn(column,relation)}</div>\r\n	    	</div>\r\n		</#list>\r\n		 ${getOne2OneChild(relation)}\r\n	</div>\r\n	<#if vuxGenerator.isThreeChildren(relation) ></popup></#if>\r\n</div>\r\n\r\n<#function getOne2OneChild relation> \r\n	<#assign relationList = relation.getChildren(\'oneToOne\')>\r\n	<#assign rtn>\r\n		<#list relationList as relation>\r\n			<div ${vuxGenerator.getSubAttrs(relation)} >\r\n				<div class=\"weui-cells__title\"> ${relation.tableComment}\r\n					${getOne2ManyChild(relation)}\r\n				</div>\r\n				\r\n				<div class=\"weui-cells weui-cells_form\">\r\n					<#list relation.table.columnsWithOutHidden as column>\r\n						<div class=\"weui-cell\" v-ab-permission:show=\"${vuxGenerator.getPermissionPath(column,relation)}\">\r\n					        <div class=\"weui-cell__hd\"><label class=\"weui-label\">${column.comment}</label></div>\r\n					        <div class=\"weui-cell__bd\">${vuxGenerator.getColumn(column,relation)}</div>\r\n					    </div>\r\n					</#list>\r\n				</div>\r\n				\r\n				${getOne2OneChild(relation)}\r\n			</div>\r\n		</#list>\r\n	</#assign>\r\n	<#return rtn>\r\n</#function>\r\n\r\n<#function getOne2ManyChild relation> \r\n	<#assign relationList = relation.getChildren(\'oneToMany\')>\r\n	<#assign rtn>\r\n		 <#if relationList?? && (relationList?size > 0) >\r\n			<div class=\"pull-left\"><#list relationList as relation><a href=\"#\"  v-on:click=\"showSubTable(${relation.parent.tableKey},\'${relation.tableKey}\')\" class=\"fa fa-list-alt weui-btn weui-btn_mini weui-btn_primary\"  v-ab-permission:show=\"tablePermission.${relation.busObj.key}.${relation.tableKey}\">${relation.tableComment}详情</a>		</#list>\r\n		</div>\r\n		</#if>\r\n	</#assign>\r\n	<#return rtn>\r\n</#function>', 'vux子表模板', '0', 'vuxSubTemplate');


-- 系统对话框
INSERT INTO `form_cust_dialog`(`id_`, `key_`, `name_`, `desc_`, `style_`, `ds_key_`, `ds_name_`, `obj_type_`, `obj_name_`, `page_`, `page_size_`, `width_`, `height_`, `system_`, `multiple_`, `tree_config_json_`, `display_fields_json_`, `condition_fields_json_`, `return_fields_json_`, `sort_fields_json_`, `data_source_`) VALUES ('10000005290006', 'zdydhklb', '自定义对话框列表', '自定义对话框列表', 'list', 'dataSourceDefault', '本地数据源', 'table', 'form_cust_dialog', 1, 10, 1300, 800, 1, 1, '{\"pidInitValScript\":false}', '[{\"columnName\":\"name_\",\"formatter\":\"\",\"showName\":\"名字\"},{\"columnName\":\"key_\",\"showName\":\"别名\"},{\"columnName\":\"style_\",\"formatter\":\"var span = \'<span class=\\\"label label-primary\\\">表</span>\';\\n\\t\\tif (value == \'view\')\\n\\t\\t\\tspan = \'<span class=\\\"label label-warning\\\">视图</span>\';\\n\\t\\treturn span;\",\"showName\":\"显示类型\"}]', '[{\"columnName\":\"key_\",\"condition\":\"EQ\",\"dbType\":\"varchar\",\"showName\":\"别名\",\"value\":{\"ctrlType\":\"inputText\"},\"valueSource\":\"param\"},{\"columnName\":\"name_\",\"condition\":\"EQ\",\"dbType\":\"varchar\",\"showName\":\"名字\",\"value\":{\"ctrlType\":\"inputText\"},\"valueSource\":\"param\"}]', '[{\"columnName\":\"key_\",\"returnName\":\"key\"},{\"columnName\":\"name_\",\"returnName\":\"name\"}]', '[{\"columnName\":\"id_\",\"sortType\":\"desc\"}]', NULL);
INSERT INTO `form_cust_dialog` (`id_`, `key_`, `name_`, `desc_`, `style_`, `ds_key_`, `ds_name_`, `obj_type_`, `obj_name_`, `page_`, `page_size_`, `width_`, `height_`, `system_`, `multiple_`, `tree_config_json_`, `display_fields_json_`, `condition_fields_json_`, `return_fields_json_`, `sort_fields_json_`, `data_source_`) VALUES ('10000005470001', 'ywblb', '业务表列表', '业务表列表', 'list', 'dataSourceDefault', '本地数据源', 'table', 'bus_table', '1', '10', '1300', '600', '1', '1', '{\"pidInitValScript\":false}', '[{\"columnName\":\"comment_\",\"showName\":\"描述\"},{\"columnName\":\"key_\",\"showName\":\"业务表key\"},{\"columnName\":\"name_\",\"showName\":\"表名\"}]', '[{\"columnName\":\"key_\",\"condition\":\"LK\",\"dbType\":\"varchar\",\"showName\":\"业务表key\",\"value\":{\"ctrlType\":\"inputText\"},\"valueSource\":\"param\"},{\"columnName\":\"name_\",\"condition\":\"LK\",\"dbType\":\"varchar\",\"showName\":\"表名\",\"value\":{\"ctrlType\":\"inputText\"},\"valueSource\":\"param\"}]', '[{\"columnName\":\"id_\",\"returnName\":\"id\"},{\"columnName\":\"key_\",\"returnName\":\"key\"},{\"columnName\":\"name_\",\"returnName\":\"name\"},{\"columnName\":\"ds_key_\",\"returnName\":\"dsKey\"},{\"columnName\":\"comment_\",\"returnName\":\"comment\"}]', '[]', NULL);
INSERT INTO `form_cust_dialog` (`id_`, `key_`, `name_`, `desc_`, `style_`, `ds_key_`, `ds_name_`, `obj_type_`, `obj_name_`, `page_`, `page_size_`, `width_`, `height_`, `system_`, `multiple_`, `tree_config_json_`, `display_fields_json_`, `condition_fields_json_`, `return_fields_json_`, `sort_fields_json_`, `data_source_`) VALUES ('20000002250001', 'busObjectSelect', '业务对象选择', NULL, 'list', 'dataSourceDefault', '本地数据源', 'table', 'bus_object', '1', '10', '850', '600', '1', '1', '{\"pidInitValScript\":false}', '[{\"columnName\":\"key_\",\"showName\":\"别名\"},{\"columnName\":\"name_\",\"showName\":\"名字\"},{\"columnName\":\"desc_\",\"showName\":\"描述\"}]', '[{\"columnName\":\"key_\",\"condition\":\"LK\",\"dbType\":\"varchar\",\"showName\":\"key\",\"value\":{\"ctrlType\":\"inputText\"},\"valueSource\":\"param\"},{\"columnName\":\"name_\",\"condition\":\"LK\",\"dbType\":\"varchar\",\"showName\":\"名字\",\"value\":{\"ctrlType\":\"inputText\"},\"valueSource\":\"param\"}]', '[{\"columnName\":\"id_\",\"returnName\":\"id\"},{\"columnName\":\"key_\",\"returnName\":\"key\"},{\"columnName\":\"name_\",\"returnName\":\"name\"},{\"columnName\":\"desc_\",\"returnName\":\"desc\"}]', '[]', NULL);
INSERT INTO `form_cust_dialog` (`id_`, `key_`, `name_`, `desc_`, `style_`, `ds_key_`, `ds_name_`, `obj_type_`, `obj_name_`, `page_`, `page_size_`, `width_`, `height_`, `system_`, `multiple_`, `tree_config_json_`, `display_fields_json_`, `condition_fields_json_`, `return_fields_json_`, `sort_fields_json_`, `data_source_`) VALUES ('20000003050001', 'postSelector', '岗位选择框', NULL, 'list', 'dataSourceDefault', '本地数据源', 'table', 'org_group_rel', '1', '10', '800', '600', '1', '1', '{\"pidInitValScript\":false}', '[{\"columnName\":\"rel_name_\",\"showName\":\"岗位名称\"},{\"columnName\":\"rel_code_\",\"showName\":\"岗位编码\"},{\"columnName\":\"rel_def_name_\",\"showName\":\"职务名称\"}]', '[]', '[{\"columnName\":\"id_\",\"returnName\":\"id\"},{\"columnName\":\"group_id_\",\"returnName\":\"orgId\"},{\"columnName\":\"rel_def_id_\",\"returnName\":\"jobId\"},{\"columnName\":\"rel_name_\",\"returnName\":\"name\"},{\"columnName\":\"rel_code_\",\"returnName\":\"key\"},{\"columnName\":\"rel_def_name_\",\"returnName\":\"jobName\"}]', '[]', NULL);
INSERT INTO `form_cust_dialog` (`id_`, `key_`, `name_`, `desc_`, `style_`, `ds_key_`, `ds_name_`, `obj_type_`, `obj_name_`, `page_`, `page_size_`, `width_`, `height_`, `system_`, `multiple_`, `tree_config_json_`, `display_fields_json_`, `condition_fields_json_`, `return_fields_json_`, `sort_fields_json_`, `data_source_`) VALUES ('20000003130001', 'userSelector', '用户查询', NULL, 'list', 'dataSourceDefault', '本地数据源', 'table', 'org_user', '1', '10', '930', '660', '1', '1', '{\"pidInitValScript\":false}', '[{\"columnName\":\"fullname_\",\"showName\":\"姓名\"},{\"columnName\":\"account_\",\"showName\":\"账号\"},{\"columnName\":\"mobile_\",\"showName\":\"手机号码\"}]', '[{\"columnName\":\"fullname_\",\"condition\":\"LK\",\"dbType\":\"varchar\",\"showName\":\"姓名\",\"value\":{\"ctrlType\":\"inputText\"},\"valueSource\":\"param\"},{\"columnName\":\"account_\",\"condition\":\"LK\",\"dbType\":\"varchar\",\"showName\":\"账号\",\"value\":{\"ctrlType\":\"inputText\"},\"valueSource\":\"param\"},{\"columnName\":\"status_\",\"condition\":\"EQ\",\"dbType\":\"number\",\"showName\":\"0:禁用，1正常\",\"value\":{\"text\":\"1\"},\"valueSource\":\"fixedValue\"}]', '[{\"columnName\":\"id_\",\"returnName\":\"id\"},{\"columnName\":\"fullname_\",\"returnName\":\"name\"},{\"columnName\":\"account_\",\"returnName\":\"account\"},{\"columnName\":\"email_\",\"returnName\":\"email\"},{\"columnName\":\"mobile_\",\"returnName\":\"mobile\"},{\"columnName\":\"weixin_\",\"returnName\":\"weixin\"},{\"columnName\":\"address_\",\"returnName\":\"address\"},{\"columnName\":\"sex_\",\"returnName\":\"sex\"},{\"columnName\":\"status_\",\"returnName\":\"status\"}]', '[]', NULL);
INSERT INTO `form_cust_dialog` (`id_`, `key_`, `name_`, `desc_`, `style_`, `ds_key_`, `ds_name_`, `obj_type_`, `obj_name_`, `page_`, `page_size_`, `width_`, `height_`, `system_`, `multiple_`, `tree_config_json_`, `display_fields_json_`, `condition_fields_json_`, `return_fields_json_`, `sort_fields_json_`, `data_source_`) VALUES ('20000003160001', 'orgSelector', '组织选择框', NULL, 'tree', 'dataSourceDefault', '本地数据源', 'table', 'org_group', '1', '10', '800', '600', '1', '1', '{\"id\":\"id_\",\"pid\":\"parent_id_\",\"pidInitVal\":\"0\",\"pidInitValScript\":false,\"showColumn\":\"name_\"}', '[]', '[]', '[{\"columnName\":\"id_\",\"returnName\":\"id\"},{\"columnName\":\"name_\",\"returnName\":\"name\"},{\"columnName\":\"parent_id_\",\"returnName\":\"parentId\"},{\"columnName\":\"code_\",\"returnName\":\"key\"},{\"columnName\":\"grade_\",\"returnName\":\"grade\"}]', '[]', NULL);
INSERT INTO `form_cust_dialog` (`id_`, `key_`, `name_`, `desc_`, `style_`, `ds_key_`, `ds_name_`, `obj_type_`, `obj_name_`, `page_`, `page_size_`, `width_`, `height_`, `system_`, `multiple_`, `tree_config_json_`, `display_fields_json_`, `condition_fields_json_`, `return_fields_json_`, `sort_fields_json_`, `data_source_`) VALUES ('20000003160002', 'roleSelector', '角色对话框', '', 'list', 'dataSourceDefault', '本地数据源', 'table', 'org_role', '1', '10', '800', '600', '1', '1', '{\"pidInitValScript\":false}', '[{\"columnName\":\"name_\",\"showName\":\"角色名称\"},{\"columnName\":\"alias_\",\"showName\":\"别名\"}]', '[{\"columnName\":\"name_\",\"condition\":\"LK\",\"dbType\":\"varchar\",\"showName\":\"名称\",\"value\":{\"ctrlType\":\"inputText\"},\"valueSource\":\"param\"},{\"columnName\":\"alias_\",\"condition\":\"LK\",\"dbType\":\"varchar\",\"showName\":\"别名\",\"value\":{\"ctrlType\":\"inputText\"},\"valueSource\":\"param\"}]', '[{\"columnName\":\"id_\",\"returnName\":\"id\"},{\"columnName\":\"name_\",\"returnName\":\"name\"},{\"columnName\":\"alias_\",\"returnName\":\"key\"},{\"columnName\":\"enabled_\",\"returnName\":\"enabled\"}]', '[]', NULL);
INSERT INTO `form_cust_dialog` (`id_`, `key_`, `name_`, `desc_`, `style_`, `ds_key_`, `ds_name_`, `obj_type_`, `obj_name_`, `page_`, `page_size_`, `width_`, `height_`, `system_`, `multiple_`, `tree_config_json_`, `display_fields_json_`, `condition_fields_json_`, `return_fields_json_`, `sort_fields_json_`, `data_source_`) VALUES ('20000003410001', 'jobSelector', '职务选择', '职务选择框', 'list', 'dataSourceDefault', '本地数据源', 'table', 'org_group_reldef', '1', '10', '800', '600', '1', '1', '{\"pidInitValScript\":false}', '[{\"columnName\":\"name_\",\"showName\":\"名称\"},{\"columnName\":\"code_\",\"showName\":\"编码\"},{\"columnName\":\"description_\",\"showName\":\"描述\"}]', '[{\"columnName\":\"name_\",\"condition\":\"LK\",\"dbType\":\"varchar\",\"showName\":\"名称\",\"value\":{\"ctrlType\":\"inputText\"},\"valueSource\":\"param\"}]', '[{\"columnName\":\"id_\",\"returnName\":\"id\"},{\"columnName\":\"name_\",\"returnName\":\"name\"},{\"columnName\":\"code_\",\"returnName\":\"key\"},{\"columnName\":\"post_level_\",\"returnName\":\"postLevel\"},{\"columnName\":\"description_\",\"returnName\":\"description\"}]', '[]', NULL);
INSERT INTO `form_cust_dialog` (`id_`, `key_`, `name_`, `desc_`, `style_`, `ds_key_`, `ds_name_`, `obj_type_`, `obj_name_`, `page_`, `page_size_`, `width_`, `height_`, `system_`, `multiple_`, `tree_config_json_`, `display_fields_json_`, `condition_fields_json_`, `return_fields_json_`, `sort_fields_json_`, `data_source_`) VALUES ('20000003460003', 'formSelector', '表单选择框', NULL, 'list', 'dataSourceDefault', '本地数据源', 'table', 'form_def', '1', '10', '800', '600', '1', '0', '{\"pidInitValScript\":false}', '[{\"columnName\":\"name_\",\"showName\":\"名字\"},{\"columnName\":\"key_\",\"showName\":\"key\"},{\"columnName\":\"desc_\",\"showName\":\"描述\"},{\"columnName\":\"bo_name_\",\"showName\":\"业务对象\"},{\"columnName\":\"bo_key_\",\"showName\":\"业务对象key\"}]', '[{\"columnName\":\"bo_key_\",\"condition\":\"IN\",\"dbType\":\"varchar\",\"showName\":\"别名\",\"value\":{\"ctrlType\":\"\"},\"valueSource\":\"param\"},{\"columnName\":\"type_\",\"condition\":\"EQ\",\"dbType\":\"varchar\",\"showName\":\"分类\",\"value\":{},\"valueSource\":\"param\"}]', '[{\"columnName\":\"id_\",\"returnName\":\"id\"},{\"columnName\":\"key_\",\"returnName\":\"key\"},{\"columnName\":\"name_\",\"returnName\":\"name\"},{\"columnName\":\"desc_\",\"returnName\":\"desc\"},{\"columnName\":\"group_id_\",\"returnName\":\"groupId\"},{\"columnName\":\"bo_key_\",\"returnName\":\"boKey\"},{\"columnName\":\"bo_name_\",\"returnName\":\"boName\"},{\"columnName\":\"type_\",\"returnName\":\"type_\"}]', '[]', NULL);
INSERT INTO `form_cust_dialog` (`id_`, `key_`, `name_`, `desc_`, `style_`, `ds_key_`, `ds_name_`, `obj_type_`, `obj_name_`, `page_`, `page_size_`, `width_`, `height_`, `system_`, `multiple_`, `tree_config_json_`, `display_fields_json_`, `condition_fields_json_`, `return_fields_json_`, `sort_fields_json_`, `data_source_`) VALUES ('20000004660004', 'getMyUsablePanels', '获取可用面板', '面板布局获取可用的面板', 'list', 'dataSourceDefault', '本地数据源', 'table', 'workbenchPanelManager.getMyUsablePanels', '1', '10', '800', '600', '1', '1', '{\"pidInitValScript\":false}', '[{\"columnName\":\"name\",\"showName\":\"名字\"},{\"columnName\":\"desc\",\"showName\":\"描述\"}]', '[{\"columnName\":\"layoutKey\",\"condition\":\"EQ\",\"dbType\":\"varchar\",\"showName\":\"layoutKey\",\"value\":{},\"valueSource\":\"param\"}]', '[{\"columnName\":\"type\",\"returnName\":\"type\"},{\"columnName\":\"alias\",\"returnName\":\"alias\"},{\"columnName\":\"name\",\"returnName\":\"name\"},{\"columnName\":\"type\",\"returnName\":\"type\"},{\"columnName\":\"desc\",\"returnName\":\"desc\"},{\"columnName\":\"dataType\",\"returnName\":\"dataType\"},{\"columnName\":\"dataSource\",\"returnName\":\"dataSource\"},{\"columnName\":\"autoRefresh\",\"returnName\":\"autoRefresh\"},{\"columnName\":\"width\",\"returnName\":\"width\"},{\"columnName\":\"height\",\"returnName\":\"height\"},{\"columnName\":\"displayContent\",\"returnName\":\"displayContent\"},{\"columnName\":\"moreUrl\",\"returnName\":\"moreUrl\"},{\"columnName\":\"id\",\"returnName\":\"id\"},{\"columnName\":\"height\",\"returnName\":\"custHeight\"},{\"columnName\":\"width\",\"returnName\":\"custWidth\"}]', '[]', 'interface');
INSERT INTO `form_cust_dialog` (`id_`, `key_`, `name_`, `desc_`, `style_`, `ds_key_`, `ds_name_`, `obj_type_`, `obj_name_`, `page_`, `page_size_`, `width_`, `height_`, `system_`, `multiple_`, `tree_config_json_`, `display_fields_json_`, `condition_fields_json_`, `return_fields_json_`, `sort_fields_json_`, `data_source_`) VALUES ('20000005180002', 'scriptSelector', '常用脚本选择框', '选择常用脚本', 'list', 'dataSourceDefault', '本地数据源', 'table', 'sys_script', '1', '10', '800', '600', '1', '0', '{\"pidInitValScript\":false}', '[{\"columnName\":\"name_\",\"showName\":\"名称\"},{\"columnName\":\"category_\",\"showName\":\"分类\"},{\"columnName\":\"memo_\",\"showName\":\"备注\"}]', '[{\"columnName\":\"name_\",\"condition\":\"LK\",\"dbType\":\"varchar\",\"showName\":\"脚本名称\",\"value\":{\"ctrlType\":\"inputText\"},\"valueSource\":\"param\"}]', '[{\"columnName\":\"script_\",\"returnName\":\"script\"}]', '[]', NULL);
INSERT INTO `form_cust_dialog` (`id_`, `key_`, `name_`, `desc_`, `style_`, `ds_key_`, `ds_name_`, `obj_type_`, `obj_name_`, `page_`, `page_size_`, `width_`, `height_`, `system_`, `multiple_`, `tree_config_json_`, `display_fields_json_`, `condition_fields_json_`, `return_fields_json_`, `sort_fields_json_`, `data_source_`) VALUES ('20000008820001', 'IdentitySeletor', '流水号选择', '流水号选择', 'list', 'dataSourceDefault', '本地数据源', 'table', 'sys_serialno', '1', '10', '800', '600', '1', '0', '{\"pidInitValScript\":false}', '[{\"columnName\":\"name_\",\"showName\":\"名称\"},{\"columnName\":\"alias_\",\"showName\":\"别名\"},{\"columnName\":\"regulation_\",\"showName\":\"规则\"},{\"columnName\":\"step_\",\"showName\":\"步长\"}]', '[{\"columnName\":\"name_\",\"condition\":\"LK\",\"dbType\":\"varchar\",\"showName\":\"名称\",\"value\":{\"ctrlType\":\"inputText\"},\"valueSource\":\"param\"},{\"columnName\":\"alias_\",\"condition\":\"LK\",\"dbType\":\"varchar\",\"showName\":\"别名\",\"value\":{\"ctrlType\":\"inputText\"},\"valueSource\":\"param\"}]', '[{\"columnName\":\"id_\",\"returnName\":\"id\"},{\"columnName\":\"name_\",\"returnName\":\"name\"},{\"columnName\":\"alias_\",\"returnName\":\"alias\"},{\"columnName\":\"regulation_\",\"returnName\":\"regulation\"}]', '[]', NULL);
INSERT INTO `form_cust_dialog` (`id_`, `key_`, `name_`, `desc_`, `style_`, `ds_key_`, `ds_name_`, `obj_type_`, `obj_name_`, `page_`, `page_size_`, `width_`, `height_`, `system_`, `multiple_`, `tree_config_json_`, `display_fields_json_`, `condition_fields_json_`, `return_fields_json_`, `sort_fields_json_`, `data_source_`) VALUES ('20000013260001', 'bpmDefSelector', '流程定义选择', '流程定义主版本', 'list', 'dataSourceDefault', '本地数据源', 'table', 'bpm_definition', '1', '10', '800', '600', '1', '0', '{\"pidInitValScript\":false}', '[{\"columnName\":\"name_\",\"showName\":\"流程名称\"},{\"columnName\":\"key_\",\"showName\":\"流程业务主键\"},{\"columnName\":\"desc_\",\"showName\":\"流程描述\"}]', '[{\"columnName\":\"name_\",\"condition\":\"LK\",\"dbType\":\"varchar\",\"showName\":\"流程名称\",\"value\":{\"ctrlType\":\"inputText\"},\"valueSource\":\"param\"},{\"columnName\":\"is_main_\",\"condition\":\"EQ\",\"dbType\":\"varchar\",\"showName\":\"版本 - 是否主版本\",\"value\":{\"text\":\"Y\"},\"valueSource\":\"fixedValue\"}]', '[{\"columnName\":\"name_\",\"returnName\":\"name\"},{\"columnName\":\"key_\",\"returnName\":\"key\"},{\"columnName\":\"desc_\",\"returnName\":\"desc\"},{\"columnName\":\"type_id_\",\"returnName\":\"typeId\"},{\"columnName\":\"is_main_\",\"returnName\":\"isMain\"}]', '[]', NULL);


-- activiti 初始化数据
INSERT INTO `act_ge_property` (`NAME_`, `VALUE_`, `REV_`) VALUES ('next.dbid', '0', '0');
INSERT INTO `act_ge_property` (`NAME_`, `VALUE_`, `REV_`) VALUES ('schema.history', 'create(5.22.0.0) upgrade(5.21.0.0->5.22.0.0)', '2');
INSERT INTO `act_ge_property` (`NAME_`, `VALUE_`, `REV_`) VALUES ('schema.version', '5.22.0.0', '2');


-- 表单管理菜单启用
UPDATE `sys_resource` SET `ENABLE_MENU_`='1' WHERE (`ID_`='23');
-- 流程管理
UPDATE `sys_resource` SET `ENABLE_MENU_`='1' WHERE (`ID_`='10000000710005');
-- 个人办公
UPDATE `sys_resource` SET `ENABLE_MENU_`='1' WHERE (`ID_`='1');

